OBJECTID_1,RASTERVALU,SPMT,SPMT(1),SPMT(2)
9,0,Siliceous light (1),1,1
50,0,Siliceous light (1),1,1
77,0,Siliceous light (1),1,1
111,0,Siliceous light (1),1,1
117,0,Siliceous light (1),1,1
123,0,Siliceous light (1),1,1
219,0,Siliceous light (1),1,1
223,0,Siliceous light (1),1,1
260,0,Siliceous light (1),1,1
382,0,Siliceous light (1),1,1
452,0,Siliceous light (1),1,1
506,0,Siliceous light (1),1,1
551,0,Siliceous light (1),1,1
591,0,Siliceous light (1),1,1
641,0,Siliceous light (1),1,1
675,0,Siliceous light (1),1,1
677,0,Siliceous light (1),1,1
713,0,Siliceous light (1),1,1
883,0,Siliceous light (1),1,1
1028,0,Siliceous light (1),1,1
1055,0,Siliceous light (1),1,1
1096,0,Siliceous light (1),1,1
1104,0,Siliceous light (1),1,1
1112,0,Siliceous light (1),1,1
1113,0,Siliceous light (1),1,1
1176,0,Siliceous light (1),1,1
1177,0,Siliceous light (1),1,1
1334,0,Siliceous light (1),1,1
1354,0,Siliceous light (1),1,1
1403,0,Siliceous light (1),1,1
1409,0,Siliceous light (1),1,1
1477,0,Siliceous light (1),1,1
1496,0,Siliceous light (1),1,1
1597,0,Siliceous light (1),1,1
1694,0,Siliceous light (1),1,1
1770,0,Siliceous light (1),1,1
1835,0,Siliceous light (1),1,1
1873,0,Siliceous light (1),1,1
2013,0,Siliceous light (1),1,1
2070,0,Siliceous light (1),1,1
2081,0,Siliceous light (1),1,1
2151,0,Siliceous light (1),1,1
2254,0,Siliceous light (1),1,1
2268,0,Siliceous light (1),1,1
2475,0,Siliceous light (1),1,1
2480,0,Siliceous light (1),1,1
2569,0,Siliceous light (1),1,1
2594,0,Siliceous light (1),1,1
2603,0,Siliceous light (1),1,1
2620,0,Siliceous light (1),1,1
2655,0,Siliceous light (1),1,1
2725,0,Siliceous light (1),1,1
10,1,Siliceous loamy (2),2,2
13,1,Siliceous loamy (2),2,2
15,1,Siliceous loamy (2),2,2
26,1,Siliceous loamy (2),2,2
39,1,Siliceous loamy (2),2,2
40,1,Siliceous loamy (2),2,2
47,1,Siliceous loamy (2),2,2
55,1,Siliceous loamy (2),2,2
56,1,Siliceous loamy (2),2,2
57,1,Siliceous loamy (2),2,2
58,1,Siliceous loamy (2),2,2
63,1,Siliceous loamy (2),2,2
72,1,Siliceous loamy (2),2,2
78,1,Siliceous loamy (2),2,2
80,1,Siliceous loamy (2),2,2
83,1,Siliceous loamy (2),2,2
85,1,Siliceous loamy (2),2,2
87,1,Siliceous loamy (2),2,2
96,1,Siliceous loamy (2),2,2
97,1,Siliceous loamy (2),2,2
103,1,Siliceous loamy (2),2,2
104,1,Siliceous loamy (2),2,2
113,1,Siliceous loamy (2),2,2
120,1,Siliceous loamy (2),2,2
127,1,Siliceous loamy (2),2,2
130,1,Siliceous loamy (2),2,2
133,1,Siliceous loamy (2),2,2
137,1,Siliceous loamy (2),2,2
140,1,Siliceous loamy (2),2,2
148,1,Siliceous loamy (2),2,2
149,1,Siliceous loamy (2),2,2
150,1,Siliceous loamy (2),2,2
153,1,Siliceous loamy (2),2,2
167,1,Siliceous loamy (2),2,2
171,1,Siliceous loamy (2),2,2
176,1,Siliceous loamy (2),2,2
180,1,Siliceous loamy (2),2,2
181,1,Siliceous loamy (2),2,2
182,1,Siliceous loamy (2),2,2
187,1,Siliceous loamy (2),2,2
193,1,Siliceous loamy (2),2,2
194,1,Siliceous loamy (2),2,2
199,1,Siliceous loamy (2),2,2
200,1,Siliceous loamy (2),2,2
204,1,Siliceous loamy (2),2,2
213,1,Siliceous loamy (2),2,2
216,1,Siliceous loamy (2),2,2
232,1,Siliceous loamy (2),2,2
240,1,Siliceous loamy (2),2,2
245,1,Siliceous loamy (2),2,2
247,1,Siliceous loamy (2),2,2
253,1,Siliceous loamy (2),2,2
255,1,Siliceous loamy (2),2,2
258,1,Siliceous loamy (2),2,2
259,1,Siliceous loamy (2),2,2
261,1,Siliceous loamy (2),2,2
262,1,Siliceous loamy (2),2,2
263,1,Siliceous loamy (2),2,2
266,1,Siliceous loamy (2),2,2
274,1,Siliceous loamy (2),2,2
275,1,Siliceous loamy (2),2,2
278,1,Siliceous loamy (2),2,2
279,1,Siliceous loamy (2),2,2
285,1,Siliceous loamy (2),2,2
289,1,Siliceous loamy (2),2,2
291,1,Siliceous loamy (2),2,2
300,1,Siliceous loamy (2),2,2
302,1,Siliceous loamy (2),2,2
303,1,Siliceous loamy (2),2,2
305,1,Siliceous loamy (2),2,2
316,1,Siliceous loamy (2),2,2
326,1,Siliceous loamy (2),2,2
331,1,Siliceous loamy (2),2,2
339,1,Siliceous loamy (2),2,2
344,1,Siliceous loamy (2),2,2
346,1,Siliceous loamy (2),2,2
360,1,Siliceous loamy (2),2,2
361,1,Siliceous loamy (2),2,2
366,1,Siliceous loamy (2),2,2
368,1,Siliceous loamy (2),2,2
369,1,Siliceous loamy (2),2,2
371,1,Siliceous loamy (2),2,2
374,1,Siliceous loamy (2),2,2
378,1,Siliceous loamy (2),2,2
383,1,Siliceous loamy (2),2,2
390,1,Siliceous loamy (2),2,2
393,1,Siliceous loamy (2),2,2
394,1,Siliceous loamy (2),2,2
401,1,Siliceous loamy (2),2,2
409,1,Siliceous loamy (2),2,2
410,1,Siliceous loamy (2),2,2
413,1,Siliceous loamy (2),2,2
421,1,Siliceous loamy (2),2,2
424,1,Siliceous loamy (2),2,2
429,1,Siliceous loamy (2),2,2
436,1,Siliceous loamy (2),2,2
455,1,Siliceous loamy (2),2,2
457,1,Siliceous loamy (2),2,2
462,1,Siliceous loamy (2),2,2
463,1,Siliceous loamy (2),2,2
466,1,Siliceous loamy (2),2,2
467,1,Siliceous loamy (2),2,2
473,1,Siliceous loamy (2),2,2
476,1,Siliceous loamy (2),2,2
488,1,Siliceous loamy (2),2,2
500,1,Siliceous loamy (2),2,2
501,1,Siliceous loamy (2),2,2
503,1,Siliceous loamy (2),2,2
504,1,Siliceous loamy (2),2,2
510,1,Siliceous loamy (2),2,2
514,1,Siliceous loamy (2),2,2
515,1,Siliceous loamy (2),2,2
517,1,Siliceous loamy (2),2,2
531,1,Siliceous loamy (2),2,2
533,1,Siliceous loamy (2),2,2
534,1,Siliceous loamy (2),2,2
535,1,Siliceous loamy (2),2,2
538,1,Siliceous loamy (2),2,2
541,1,Siliceous loamy (2),2,2
552,1,Siliceous loamy (2),2,2
553,1,Siliceous loamy (2),2,2
554,1,Siliceous loamy (2),2,2
558,1,Siliceous loamy (2),2,2
561,1,Siliceous loamy (2),2,2
564,1,Siliceous loamy (2),2,2
570,1,Siliceous loamy (2),2,2
579,1,Siliceous loamy (2),2,2
582,1,Siliceous loamy (2),2,2
584,1,Siliceous loamy (2),2,2
585,1,Siliceous loamy (2),2,2
586,1,Siliceous loamy (2),2,2
595,1,Siliceous loamy (2),2,2
604,1,Siliceous loamy (2),2,2
605,1,Siliceous loamy (2),2,2
606,1,Siliceous loamy (2),2,2
608,1,Siliceous loamy (2),2,2
615,1,Siliceous loamy (2),2,2
616,1,Siliceous loamy (2),2,2
621,1,Siliceous loamy (2),2,2
626,1,Siliceous loamy (2),2,2
629,1,Siliceous loamy (2),2,2
633,1,Siliceous loamy (2),2,2
636,1,Siliceous loamy (2),2,2
638,1,Siliceous loamy (2),2,2
644,1,Siliceous loamy (2),2,2
657,1,Siliceous loamy (2),2,2
666,1,Siliceous loamy (2),2,2
670,1,Siliceous loamy (2),2,2
674,1,Siliceous loamy (2),2,2
678,1,Siliceous loamy (2),2,2
680,1,Siliceous loamy (2),2,2
685,1,Siliceous loamy (2),2,2
690,1,Siliceous loamy (2),2,2
697,1,Siliceous loamy (2),2,2
719,1,Siliceous loamy (2),2,2
723,1,Siliceous loamy (2),2,2
727,1,Siliceous loamy (2),2,2
736,1,Siliceous loamy (2),2,2
742,1,Siliceous loamy (2),2,2
743,1,Siliceous loamy (2),2,2
746,1,Siliceous loamy (2),2,2
755,1,Siliceous loamy (2),2,2
758,1,Siliceous loamy (2),2,2
760,1,Siliceous loamy (2),2,2
768,1,Siliceous loamy (2),2,2
774,1,Siliceous loamy (2),2,2
778,1,Siliceous loamy (2),2,2
784,1,Siliceous loamy (2),2,2
785,1,Siliceous loamy (2),2,2
792,1,Siliceous loamy (2),2,2
797,1,Siliceous loamy (2),2,2
807,1,Siliceous loamy (2),2,2
813,1,Siliceous loamy (2),2,2
817,1,Siliceous loamy (2),2,2
821,1,Siliceous loamy (2),2,2
832,1,Siliceous loamy (2),2,2
834,1,Siliceous loamy (2),2,2
840,1,Siliceous loamy (2),2,2
841,1,Siliceous loamy (2),2,2
842,1,Siliceous loamy (2),2,2
843,1,Siliceous loamy (2),2,2
867,1,Siliceous loamy (2),2,2
868,1,Siliceous loamy (2),2,2
869,1,Siliceous loamy (2),2,2
870,1,Siliceous loamy (2),2,2
871,1,Siliceous loamy (2),2,2
874,1,Siliceous loamy (2),2,2
877,1,Siliceous loamy (2),2,2
878,1,Siliceous loamy (2),2,2
879,1,Siliceous loamy (2),2,2
882,1,Siliceous loamy (2),2,2
889,1,Siliceous loamy (2),2,2
899,1,Siliceous loamy (2),2,2
900,1,Siliceous loamy (2),2,2
902,1,Siliceous loamy (2),2,2
905,1,Siliceous loamy (2),2,2
912,1,Siliceous loamy (2),2,2
920,1,Siliceous loamy (2),2,2
927,1,Siliceous loamy (2),2,2
931,1,Siliceous loamy (2),2,2
937,1,Siliceous loamy (2),2,2
944,1,Siliceous loamy (2),2,2
945,1,Siliceous loamy (2),2,2
947,1,Siliceous loamy (2),2,2
948,1,Siliceous loamy (2),2,2
952,1,Siliceous loamy (2),2,2
953,1,Siliceous loamy (2),2,2
959,1,Siliceous loamy (2),2,2
970,1,Siliceous loamy (2),2,2
971,1,Siliceous loamy (2),2,2
982,1,Siliceous loamy (2),2,2
986,1,Siliceous loamy (2),2,2
989,1,Siliceous loamy (2),2,2
992,1,Siliceous loamy (2),2,2
998,1,Siliceous loamy (2),2,2
1003,1,Siliceous loamy (2),2,2
1007,1,Siliceous loamy (2),2,2
1014,1,Siliceous loamy (2),2,2
1017,1,Siliceous loamy (2),2,2
1021,1,Siliceous loamy (2),2,2
1030,1,Siliceous loamy (2),2,2
1032,1,Siliceous loamy (2),2,2
1036,1,Siliceous loamy (2),2,2
1043,1,Siliceous loamy (2),2,2
1045,1,Siliceous loamy (2),2,2
1049,1,Siliceous loamy (2),2,2
1058,1,Siliceous loamy (2),2,2
1066,1,Siliceous loamy (2),2,2
1068,1,Siliceous loamy (2),2,2
1071,1,Siliceous loamy (2),2,2
1073,1,Siliceous loamy (2),2,2
1078,1,Siliceous loamy (2),2,2
1088,1,Siliceous loamy (2),2,2
1090,1,Siliceous loamy (2),2,2
1091,1,Siliceous loamy (2),2,2
1097,1,Siliceous loamy (2),2,2
1099,1,Siliceous loamy (2),2,2
1100,1,Siliceous loamy (2),2,2
1103,1,Siliceous loamy (2),2,2
1108,1,Siliceous loamy (2),2,2
1110,1,Siliceous loamy (2),2,2
1116,1,Siliceous loamy (2),2,2
1118,1,Siliceous loamy (2),2,2
1120,1,Siliceous loamy (2),2,2
1121,1,Siliceous loamy (2),2,2
1122,1,Siliceous loamy (2),2,2
1123,1,Siliceous loamy (2),2,2
1127,1,Siliceous loamy (2),2,2
1130,1,Siliceous loamy (2),2,2
1132,1,Siliceous loamy (2),2,2
1135,1,Siliceous loamy (2),2,2
1138,1,Siliceous loamy (2),2,2
1153,1,Siliceous loamy (2),2,2
1158,1,Siliceous loamy (2),2,2
1159,1,Siliceous loamy (2),2,2
1162,1,Siliceous loamy (2),2,2
1172,1,Siliceous loamy (2),2,2
1175,1,Siliceous loamy (2),2,2
1183,1,Siliceous loamy (2),2,2
1184,1,Siliceous loamy (2),2,2
1186,1,Siliceous loamy (2),2,2
1188,1,Siliceous loamy (2),2,2
1190,1,Siliceous loamy (2),2,2
1197,1,Siliceous loamy (2),2,2
1204,1,Siliceous loamy (2),2,2
1208,1,Siliceous loamy (2),2,2
1210,1,Siliceous loamy (2),2,2
1219,1,Siliceous loamy (2),2,2
1226,1,Siliceous loamy (2),2,2
1228,1,Siliceous loamy (2),2,2
1231,1,Siliceous loamy (2),2,2
1236,1,Siliceous loamy (2),2,2
1240,1,Siliceous loamy (2),2,2
1241,1,Siliceous loamy (2),2,2
1246,1,Siliceous loamy (2),2,2
1247,1,Siliceous loamy (2),2,2
1248,1,Siliceous loamy (2),2,2
1253,1,Siliceous loamy (2),2,2
1254,1,Siliceous loamy (2),2,2
1263,1,Siliceous loamy (2),2,2
1275,1,Siliceous loamy (2),2,2
1276,1,Siliceous loamy (2),2,2
1284,1,Siliceous loamy (2),2,2
1285,1,Siliceous loamy (2),2,2
1288,1,Siliceous loamy (2),2,2
1291,1,Siliceous loamy (2),2,2
1292,1,Siliceous loamy (2),2,2
1293,1,Siliceous loamy (2),2,2
1295,1,Siliceous loamy (2),2,2
1298,1,Siliceous loamy (2),2,2
1306,1,Siliceous loamy (2),2,2
1307,1,Siliceous loamy (2),2,2
1319,1,Siliceous loamy (2),2,2
1323,1,Siliceous loamy (2),2,2
1324,1,Siliceous loamy (2),2,2
1325,1,Siliceous loamy (2),2,2
1327,1,Siliceous loamy (2),2,2
1329,1,Siliceous loamy (2),2,2
1333,1,Siliceous loamy (2),2,2
1336,1,Siliceous loamy (2),2,2
1338,1,Siliceous loamy (2),2,2
1340,1,Siliceous loamy (2),2,2
1343,1,Siliceous loamy (2),2,2
1347,1,Siliceous loamy (2),2,2
1348,1,Siliceous loamy (2),2,2
1358,1,Siliceous loamy (2),2,2
1362,1,Siliceous loamy (2),2,2
1367,1,Siliceous loamy (2),2,2
1371,1,Siliceous loamy (2),2,2
1373,1,Siliceous loamy (2),2,2
1374,1,Siliceous loamy (2),2,2
1376,1,Siliceous loamy (2),2,2
1383,1,Siliceous loamy (2),2,2
1405,1,Siliceous loamy (2),2,2
1417,1,Siliceous loamy (2),2,2
1419,1,Siliceous loamy (2),2,2
1421,1,Siliceous loamy (2),2,2
1423,1,Siliceous loamy (2),2,2
1425,1,Siliceous loamy (2),2,2
1437,1,Siliceous loamy (2),2,2
1447,1,Siliceous loamy (2),2,2
1450,1,Siliceous loamy (2),2,2
1455,1,Siliceous loamy (2),2,2
1456,1,Siliceous loamy (2),2,2
1457,1,Siliceous loamy (2),2,2
1463,1,Siliceous loamy (2),2,2
1465,1,Siliceous loamy (2),2,2
1468,1,Siliceous loamy (2),2,2
1469,1,Siliceous loamy (2),2,2
1474,1,Siliceous loamy (2),2,2
1478,1,Siliceous loamy (2),2,2
1479,1,Siliceous loamy (2),2,2
1480,1,Siliceous loamy (2),2,2
1485,1,Siliceous loamy (2),2,2
1486,1,Siliceous loamy (2),2,2
1493,1,Siliceous loamy (2),2,2
1495,1,Siliceous loamy (2),2,2
1502,1,Siliceous loamy (2),2,2
1503,1,Siliceous loamy (2),2,2
1512,1,Siliceous loamy (2),2,2
1520,1,Siliceous loamy (2),2,2
1523,1,Siliceous loamy (2),2,2
1524,1,Siliceous loamy (2),2,2
1526,1,Siliceous loamy (2),2,2
1528,1,Siliceous loamy (2),2,2
1537,1,Siliceous loamy (2),2,2
1539,1,Siliceous loamy (2),2,2
1542,1,Siliceous loamy (2),2,2
1545,1,Siliceous loamy (2),2,2
1550,1,Siliceous loamy (2),2,2
1551,1,Siliceous loamy (2),2,2
1552,1,Siliceous loamy (2),2,2
1566,1,Siliceous loamy (2),2,2
1568,1,Siliceous loamy (2),2,2
1571,1,Siliceous loamy (2),2,2
1576,1,Siliceous loamy (2),2,2
1577,1,Siliceous loamy (2),2,2
1579,1,Siliceous loamy (2),2,2
1581,1,Siliceous loamy (2),2,2
1586,1,Siliceous loamy (2),2,2
1588,1,Siliceous loamy (2),2,2
1600,1,Siliceous loamy (2),2,2
1613,1,Siliceous loamy (2),2,2
1614,1,Siliceous loamy (2),2,2
1625,1,Siliceous loamy (2),2,2
1626,1,Siliceous loamy (2),2,2
1627,1,Siliceous loamy (2),2,2
1633,1,Siliceous loamy (2),2,2
1634,1,Siliceous loamy (2),2,2
1635,1,Siliceous loamy (2),2,2
1638,1,Siliceous loamy (2),2,2
1642,1,Siliceous loamy (2),2,2
1649,1,Siliceous loamy (2),2,2
1655,1,Siliceous loamy (2),2,2
1657,1,Siliceous loamy (2),2,2
1661,1,Siliceous loamy (2),2,2
1675,1,Siliceous loamy (2),2,2
1686,1,Siliceous loamy (2),2,2
1687,1,Siliceous loamy (2),2,2
1688,1,Siliceous loamy (2),2,2
1701,1,Siliceous loamy (2),2,2
1704,1,Siliceous loamy (2),2,2
1705,1,Siliceous loamy (2),2,2
1708,1,Siliceous loamy (2),2,2
1713,1,Siliceous loamy (2),2,2
1718,1,Siliceous loamy (2),2,2
1720,1,Siliceous loamy (2),2,2
1722,1,Siliceous loamy (2),2,2
1733,1,Siliceous loamy (2),2,2
1734,1,Siliceous loamy (2),2,2
1735,1,Siliceous loamy (2),2,2
1736,1,Siliceous loamy (2),2,2
1738,1,Siliceous loamy (2),2,2
1739,1,Siliceous loamy (2),2,2
1744,1,Siliceous loamy (2),2,2
1748,1,Siliceous loamy (2),2,2
1749,1,Siliceous loamy (2),2,2
1752,1,Siliceous loamy (2),2,2
1757,1,Siliceous loamy (2),2,2
1758,1,Siliceous loamy (2),2,2
1760,1,Siliceous loamy (2),2,2
1773,1,Siliceous loamy (2),2,2
1782,1,Siliceous loamy (2),2,2
1786,1,Siliceous loamy (2),2,2
1787,1,Siliceous loamy (2),2,2
1789,1,Siliceous loamy (2),2,2
1791,1,Siliceous loamy (2),2,2
1798,1,Siliceous loamy (2),2,2
1802,1,Siliceous loamy (2),2,2
1807,1,Siliceous loamy (2),2,2
1808,1,Siliceous loamy (2),2,2
1815,1,Siliceous loamy (2),2,2
1824,1,Siliceous loamy (2),2,2
1828,1,Siliceous loamy (2),2,2
1829,1,Siliceous loamy (2),2,2
1836,1,Siliceous loamy (2),2,2
1842,1,Siliceous loamy (2),2,2
1844,1,Siliceous loamy (2),2,2
1845,1,Siliceous loamy (2),2,2
1846,1,Siliceous loamy (2),2,2
1849,1,Siliceous loamy (2),2,2
1851,1,Siliceous loamy (2),2,2
1855,1,Siliceous loamy (2),2,2
1856,1,Siliceous loamy (2),2,2
1857,1,Siliceous loamy (2),2,2
1859,1,Siliceous loamy (2),2,2
1862,1,Siliceous loamy (2),2,2
1866,1,Siliceous loamy (2),2,2
1870,1,Siliceous loamy (2),2,2
1875,1,Siliceous loamy (2),2,2
1876,1,Siliceous loamy (2),2,2
1896,1,Siliceous loamy (2),2,2
1904,1,Siliceous loamy (2),2,2
1905,1,Siliceous loamy (2),2,2
1919,1,Siliceous loamy (2),2,2
1920,1,Siliceous loamy (2),2,2
1923,1,Siliceous loamy (2),2,2
1926,1,Siliceous loamy (2),2,2
1927,1,Siliceous loamy (2),2,2
1932,1,Siliceous loamy (2),2,2
1936,1,Siliceous loamy (2),2,2
1946,1,Siliceous loamy (2),2,2
1951,1,Siliceous loamy (2),2,2
1953,1,Siliceous loamy (2),2,2
1954,1,Siliceous loamy (2),2,2
1957,1,Siliceous loamy (2),2,2
1959,1,Siliceous loamy (2),2,2
1967,1,Siliceous loamy (2),2,2
1969,1,Siliceous loamy (2),2,2
1972,1,Siliceous loamy (2),2,2
1982,1,Siliceous loamy (2),2,2
1983,1,Siliceous loamy (2),2,2
1984,1,Siliceous loamy (2),2,2
1985,1,Siliceous loamy (2),2,2
1989,1,Siliceous loamy (2),2,2
1990,1,Siliceous loamy (2),2,2
2001,1,Siliceous loamy (2),2,2
2007,1,Siliceous loamy (2),2,2
2019,1,Siliceous loamy (2),2,2
2023,1,Siliceous loamy (2),2,2
2027,1,Siliceous loamy (2),2,2
2033,1,Siliceous loamy (2),2,2
2036,1,Siliceous loamy (2),2,2
2037,1,Siliceous loamy (2),2,2
2045,1,Siliceous loamy (2),2,2
2061,1,Siliceous loamy (2),2,2
2067,1,Siliceous loamy (2),2,2
2071,1,Siliceous loamy (2),2,2
2072,1,Siliceous loamy (2),2,2
2074,1,Siliceous loamy (2),2,2
2094,1,Siliceous loamy (2),2,2
2097,1,Siliceous loamy (2),2,2
2098,1,Siliceous loamy (2),2,2
2104,1,Siliceous loamy (2),2,2
2112,1,Siliceous loamy (2),2,2
2115,1,Siliceous loamy (2),2,2
2118,1,Siliceous loamy (2),2,2
2123,1,Siliceous loamy (2),2,2
2128,1,Siliceous loamy (2),2,2
2133,1,Siliceous loamy (2),2,2
2134,1,Siliceous loamy (2),2,2
2149,1,Siliceous loamy (2),2,2
2162,1,Siliceous loamy (2),2,2
2165,1,Siliceous loamy (2),2,2
2166,1,Siliceous loamy (2),2,2
2168,1,Siliceous loamy (2),2,2
2176,1,Siliceous loamy (2),2,2
2177,1,Siliceous loamy (2),2,2
2179,1,Siliceous loamy (2),2,2
2182,1,Siliceous loamy (2),2,2
2185,1,Siliceous loamy (2),2,2
2188,1,Siliceous loamy (2),2,2
2190,1,Siliceous loamy (2),2,2
2191,1,Siliceous loamy (2),2,2
2197,1,Siliceous loamy (2),2,2
2200,1,Siliceous loamy (2),2,2
2203,1,Siliceous loamy (2),2,2
2207,1,Siliceous loamy (2),2,2
2209,1,Siliceous loamy (2),2,2
2214,1,Siliceous loamy (2),2,2
2215,1,Siliceous loamy (2),2,2
2218,1,Siliceous loamy (2),2,2
2221,1,Siliceous loamy (2),2,2
2227,1,Siliceous loamy (2),2,2
2229,1,Siliceous loamy (2),2,2
2231,1,Siliceous loamy (2),2,2
2232,1,Siliceous loamy (2),2,2
2239,1,Siliceous loamy (2),2,2
2240,1,Siliceous loamy (2),2,2
2244,1,Siliceous loamy (2),2,2
2245,1,Siliceous loamy (2),2,2
2247,1,Siliceous loamy (2),2,2
2250,1,Siliceous loamy (2),2,2
2253,1,Siliceous loamy (2),2,2
2258,1,Siliceous loamy (2),2,2
2262,1,Siliceous loamy (2),2,2
2271,1,Siliceous loamy (2),2,2
2277,1,Siliceous loamy (2),2,2
2281,1,Siliceous loamy (2),2,2
2286,1,Siliceous loamy (2),2,2
2289,1,Siliceous loamy (2),2,2
2290,1,Siliceous loamy (2),2,2
2293,1,Siliceous loamy (2),2,2
2294,1,Siliceous loamy (2),2,2
2298,1,Siliceous loamy (2),2,2
2300,1,Siliceous loamy (2),2,2
2305,1,Siliceous loamy (2),2,2
2311,1,Siliceous loamy (2),2,2
2329,1,Siliceous loamy (2),2,2
2335,1,Siliceous loamy (2),2,2
2340,1,Siliceous loamy (2),2,2
2356,1,Siliceous loamy (2),2,2
2357,1,Siliceous loamy (2),2,2
2360,1,Siliceous loamy (2),2,2
2363,1,Siliceous loamy (2),2,2
2367,1,Siliceous loamy (2),2,2
2369,1,Siliceous loamy (2),2,2
2374,1,Siliceous loamy (2),2,2
2402,1,Siliceous loamy (2),2,2
2403,1,Siliceous loamy (2),2,2
2412,1,Siliceous loamy (2),2,2
2414,1,Siliceous loamy (2),2,2
2416,1,Siliceous loamy (2),2,2
2436,1,Siliceous loamy (2),2,2
2441,1,Siliceous loamy (2),2,2
2445,1,Siliceous loamy (2),2,2
2446,1,Siliceous loamy (2),2,2
2451,1,Siliceous loamy (2),2,2
2452,1,Siliceous loamy (2),2,2
2463,1,Siliceous loamy (2),2,2
2465,1,Siliceous loamy (2),2,2
2466,1,Siliceous loamy (2),2,2
2469,1,Siliceous loamy (2),2,2
2474,1,Siliceous loamy (2),2,2
2478,1,Siliceous loamy (2),2,2
2481,1,Siliceous loamy (2),2,2
2482,1,Siliceous loamy (2),2,2
2486,1,Siliceous loamy (2),2,2
2488,1,Siliceous loamy (2),2,2
2495,1,Siliceous loamy (2),2,2
2502,1,Siliceous loamy (2),2,2
2504,1,Siliceous loamy (2),2,2
2510,1,Siliceous loamy (2),2,2
2518,1,Siliceous loamy (2),2,2
2520,1,Siliceous loamy (2),2,2
2521,1,Siliceous loamy (2),2,2
2523,1,Siliceous loamy (2),2,2
2527,1,Siliceous loamy (2),2,2
2531,1,Siliceous loamy (2),2,2
2533,1,Siliceous loamy (2),2,2
2534,1,Siliceous loamy (2),2,2
2542,1,Siliceous loamy (2),2,2
2544,1,Siliceous loamy (2),2,2
2547,1,Siliceous loamy (2),2,2
2553,1,Siliceous loamy (2),2,2
2555,1,Siliceous loamy (2),2,2
2558,1,Siliceous loamy (2),2,2
2561,1,Siliceous loamy (2),2,2
2562,1,Siliceous loamy (2),2,2
2563,1,Siliceous loamy (2),2,2
2565,1,Siliceous loamy (2),2,2
2572,1,Siliceous loamy (2),2,2
2573,1,Siliceous loamy (2),2,2
2579,1,Siliceous loamy (2),2,2
2580,1,Siliceous loamy (2),2,2
2583,1,Siliceous loamy (2),2,2
2587,1,Siliceous loamy (2),2,2
2588,1,Siliceous loamy (2),2,2
2591,1,Siliceous loamy (2),2,2
2599,1,Siliceous loamy (2),2,2
2600,1,Siliceous loamy (2),2,2
2606,1,Siliceous loamy (2),2,2
2608,1,Siliceous loamy (2),2,2
2610,1,Siliceous loamy (2),2,2
2619,1,Siliceous loamy (2),2,2
2621,1,Siliceous loamy (2),2,2
2626,1,Siliceous loamy (2),2,2
2627,1,Siliceous loamy (2),2,2
2634,1,Siliceous loamy (2),2,2
2636,1,Siliceous loamy (2),2,2
2638,1,Siliceous loamy (2),2,2
2640,1,Siliceous loamy (2),2,2
2642,1,Siliceous loamy (2),2,2
2643,1,Siliceous loamy (2),2,2
2645,1,Siliceous loamy (2),2,2
2648,1,Siliceous loamy (2),2,2
2649,1,Siliceous loamy (2),2,2
2650,1,Siliceous loamy (2),2,2
2657,1,Siliceous loamy (2),2,2
2659,1,Siliceous loamy (2),2,2
2664,1,Siliceous loamy (2),2,2
2665,1,Siliceous loamy (2),2,2
2667,1,Siliceous loamy (2),2,2
2674,1,Siliceous loamy (2),2,2
2676,1,Siliceous loamy (2),2,2
2684,1,Siliceous loamy (2),2,2
2690,1,Siliceous loamy (2),2,2
2691,1,Siliceous loamy (2),2,2
2693,1,Siliceous loamy (2),2,2
2695,1,Siliceous loamy (2),2,2
2696,1,Siliceous loamy (2),2,2
2700,1,Siliceous loamy (2),2,2
2702,1,Siliceous loamy (2),2,2
2707,1,Siliceous loamy (2),2,2
2711,1,Siliceous loamy (2),2,2
2713,1,Siliceous loamy (2),2,2
2716,1,Siliceous loamy (2),2,2
2719,1,Siliceous loamy (2),2,2
2724,1,Siliceous loamy (2),2,2
2727,1,Siliceous loamy (2),2,2
2728,1,Siliceous loamy (2),2,2
2729,1,Siliceous loamy (2),2,2
2731,1,Siliceous loamy (2),2,2
2736,1,Siliceous loamy (2),2,2
2744,1,Siliceous loamy (2),2,2
2746,1,Siliceous loamy (2),2,2
2749,1,Siliceous loamy (2),2,2
19,2,Siliceous loamy (2),2+3,2+3
21,2,Siliceous loamy (2),2+3,2+3
30,2,Siliceous loamy (2),2+3,2+3
33,2,Siliceous loamy (2),2+3,2+3
54,2,Siliceous loamy (2),2+3,2+3
79,2,Siliceous loamy (2),2+3,2+3
88,2,Siliceous loamy (2),2+3,2+3
99,2,Siliceous loamy (2),2+3,2+3
112,2,Siliceous loamy (2),2+3,2+3
116,2,Siliceous loamy (2),2+3,2+3
139,2,Siliceous loamy (2),2+3,2+3
144,2,Siliceous loamy (2),2+3,2+3
158,2,Siliceous loamy (2),2+3,2+3
160,2,Siliceous loamy (2),2+3,2+3
162,2,Siliceous loamy (2),2+3,2+3
170,2,Siliceous loamy (2),2+3,2+3
172,2,Siliceous loamy (2),2+3,2+3
179,2,Siliceous loamy (2),2+3,2+3
206,2,Siliceous loamy (2),2+3,2+3
234,2,Siliceous loamy (2),2+3,2+3
273,2,Siliceous loamy (2),2+3,2+3
286,2,Siliceous loamy (2),2+3,2+3
290,2,Siliceous loamy (2),2+3,2+3
325,2,Siliceous loamy (2),2+3,2+3
328,2,Siliceous loamy (2),2+3,2+3
335,2,Siliceous loamy (2),2+3,2+3
338,2,Siliceous loamy (2),2+3,2+3
345,2,Siliceous loamy (2),2+3,2+3
387,2,Siliceous loamy (2),2+3,2+3
392,2,Siliceous loamy (2),2+3,2+3
402,2,Siliceous loamy (2),2+3,2+3
417,2,Siliceous loamy (2),2+3,2+3
419,2,Siliceous loamy (2),2+3,2+3
420,2,Siliceous loamy (2),2+3,2+3
431,2,Siliceous loamy (2),2+3,2+3
474,2,Siliceous loamy (2),2+3,2+3
499,2,Siliceous loamy (2),2+3,2+3
502,2,Siliceous loamy (2),2+3,2+3
562,2,Siliceous loamy (2),2+3,2+3
578,2,Siliceous loamy (2),2+3,2+3
583,2,Siliceous loamy (2),2+3,2+3
592,2,Siliceous loamy (2),2+3,2+3
632,2,Siliceous loamy (2),2+3,2+3
653,2,Siliceous loamy (2),2+3,2+3
655,2,Siliceous loamy (2),2+3,2+3
672,2,Siliceous loamy (2),2+3,2+3
682,2,Siliceous loamy (2),2+3,2+3
692,2,Siliceous loamy (2),2+3,2+3
696,2,Siliceous loamy (2),2+3,2+3
701,2,Siliceous loamy (2),2+3,2+3
707,2,Siliceous loamy (2),2+3,2+3
716,2,Siliceous loamy (2),2+3,2+3
722,2,Siliceous loamy (2),2+3,2+3
724,2,Siliceous loamy (2),2+3,2+3
767,2,Siliceous loamy (2),2+3,2+3
776,2,Siliceous loamy (2),2+3,2+3
793,2,Siliceous loamy (2),2+3,2+3
810,2,Siliceous loamy (2),2+3,2+3
819,2,Siliceous loamy (2),2+3,2+3
822,2,Siliceous loamy (2),2+3,2+3
830,2,Siliceous loamy (2),2+3,2+3
854,2,Siliceous loamy (2),2+3,2+3
860,2,Siliceous loamy (2),2+3,2+3
861,2,Siliceous loamy (2),2+3,2+3
873,2,Siliceous loamy (2),2+3,2+3
890,2,Siliceous loamy (2),2+3,2+3
917,2,Siliceous loamy (2),2+3,2+3
925,2,Siliceous loamy (2),2+3,2+3
932,2,Siliceous loamy (2),2+3,2+3
938,2,Siliceous loamy (2),2+3,2+3
951,2,Siliceous loamy (2),2+3,2+3
974,2,Siliceous loamy (2),2+3,2+3
976,2,Siliceous loamy (2),2+3,2+3
1020,2,Siliceous loamy (2),2+3,2+3
1061,2,Siliceous loamy (2),2+3,2+3
1064,2,Siliceous loamy (2),2+3,2+3
1086,2,Siliceous loamy (2),2+3,2+3
1125,2,Siliceous loamy (2),2+3,2+3
1128,2,Siliceous loamy (2),2+3,2+3
1134,2,Siliceous loamy (2),2+3,2+3
1140,2,Siliceous loamy (2),2+3,2+3
1145,2,Siliceous loamy (2),2+3,2+3
1178,2,Siliceous loamy (2),2+3,2+3
1182,2,Siliceous loamy (2),2+3,2+3
1196,2,Siliceous loamy (2),2+3,2+3
1212,2,Siliceous loamy (2),2+3,2+3
1223,2,Siliceous loamy (2),2+3,2+3
1250,2,Siliceous loamy (2),2+3,2+3
1289,2,Siliceous loamy (2),2+3,2+3
1304,2,Siliceous loamy (2),2+3,2+3
1317,2,Siliceous loamy (2),2+3,2+3
1318,2,Siliceous loamy (2),2+3,2+3
1332,2,Siliceous loamy (2),2+3,2+3
1339,2,Siliceous loamy (2),2+3,2+3
1361,2,Siliceous loamy (2),2+3,2+3
1366,2,Siliceous loamy (2),2+3,2+3
1375,2,Siliceous loamy (2),2+3,2+3
1379,2,Siliceous loamy (2),2+3,2+3
1387,2,Siliceous loamy (2),2+3,2+3
1389,2,Siliceous loamy (2),2+3,2+3
1398,2,Siliceous loamy (2),2+3,2+3
1410,2,Siliceous loamy (2),2+3,2+3
1415,2,Siliceous loamy (2),2+3,2+3
1444,2,Siliceous loamy (2),2+3,2+3
1448,2,Siliceous loamy (2),2+3,2+3
1449,2,Siliceous loamy (2),2+3,2+3
1473,2,Siliceous loamy (2),2+3,2+3
1522,2,Siliceous loamy (2),2+3,2+3
1530,2,Siliceous loamy (2),2+3,2+3
1567,2,Siliceous loamy (2),2+3,2+3
1601,2,Siliceous loamy (2),2+3,2+3
1603,2,Siliceous loamy (2),2+3,2+3
1608,2,Siliceous loamy (2),2+3,2+3
1611,2,Siliceous loamy (2),2+3,2+3
1619,2,Siliceous loamy (2),2+3,2+3
1623,2,Siliceous loamy (2),2+3,2+3
1644,2,Siliceous loamy (2),2+3,2+3
1645,2,Siliceous loamy (2),2+3,2+3
1652,2,Siliceous loamy (2),2+3,2+3
1666,2,Siliceous loamy (2),2+3,2+3
1667,2,Siliceous loamy (2),2+3,2+3
1695,2,Siliceous loamy (2),2+3,2+3
1697,2,Siliceous loamy (2),2+3,2+3
1698,2,Siliceous loamy (2),2+3,2+3
1710,2,Siliceous loamy (2),2+3,2+3
1732,2,Siliceous loamy (2),2+3,2+3
1756,2,Siliceous loamy (2),2+3,2+3
1817,2,Siliceous loamy (2),2+3,2+3
1822,2,Siliceous loamy (2),2+3,2+3
1826,2,Siliceous loamy (2),2+3,2+3
1847,2,Siliceous loamy (2),2+3,2+3
1852,2,Siliceous loamy (2),2+3,2+3
1853,2,Siliceous loamy (2),2+3,2+3
1858,2,Siliceous loamy (2),2+3,2+3
1879,2,Siliceous loamy (2),2+3,2+3
1882,2,Siliceous loamy (2),2+3,2+3
1883,2,Siliceous loamy (2),2+3,2+3
1889,2,Siliceous loamy (2),2+3,2+3
1894,2,Siliceous loamy (2),2+3,2+3
1907,2,Siliceous loamy (2),2+3,2+3
1913,2,Siliceous loamy (2),2+3,2+3
1918,2,Siliceous loamy (2),2+3,2+3
1929,2,Siliceous loamy (2),2+3,2+3
1971,2,Siliceous loamy (2),2+3,2+3
1975,2,Siliceous loamy (2),2+3,2+3
1997,2,Siliceous loamy (2),2+3,2+3
2000,2,Siliceous loamy (2),2+3,2+3
2002,2,Siliceous loamy (2),2+3,2+3
2018,2,Siliceous loamy (2),2+3,2+3
2024,2,Siliceous loamy (2),2+3,2+3
2035,2,Siliceous loamy (2),2+3,2+3
2041,2,Siliceous loamy (2),2+3,2+3
2046,2,Siliceous loamy (2),2+3,2+3
2083,2,Siliceous loamy (2),2+3,2+3
2087,2,Siliceous loamy (2),2+3,2+3
2089,2,Siliceous loamy (2),2+3,2+3
2108,2,Siliceous loamy (2),2+3,2+3
2116,2,Siliceous loamy (2),2+3,2+3
2130,2,Siliceous loamy (2),2+3,2+3
2159,2,Siliceous loamy (2),2+3,2+3
2184,2,Siliceous loamy (2),2+3,2+3
2187,2,Siliceous loamy (2),2+3,2+3
2193,2,Siliceous loamy (2),2+3,2+3
2234,2,Siliceous loamy (2),2+3,2+3
2238,2,Siliceous loamy (2),2+3,2+3
2241,2,Siliceous loamy (2),2+3,2+3
2249,2,Siliceous loamy (2),2+3,2+3
2252,2,Siliceous loamy (2),2+3,2+3
2263,2,Siliceous loamy (2),2+3,2+3
2265,2,Siliceous loamy (2),2+3,2+3
2269,2,Siliceous loamy (2),2+3,2+3
2274,2,Siliceous loamy (2),2+3,2+3
2278,2,Siliceous loamy (2),2+3,2+3
2296,2,Siliceous loamy (2),2+3,2+3
2307,2,Siliceous loamy (2),2+3,2+3
2308,2,Siliceous loamy (2),2+3,2+3
2314,2,Siliceous loamy (2),2+3,2+3
2325,2,Siliceous loamy (2),2+3,2+3
2336,2,Siliceous loamy (2),2+3,2+3
2338,2,Siliceous loamy (2),2+3,2+3
2348,2,Siliceous loamy (2),2+3,2+3
2355,2,Siliceous loamy (2),2+3,2+3
2359,2,Siliceous loamy (2),2+3,2+3
2376,2,Siliceous loamy (2),2+3,2+3
2428,2,Siliceous loamy (2),2+3,2+3
2440,2,Siliceous loamy (2),2+3,2+3
2443,2,Siliceous loamy (2),2+3,2+3
2444,2,Siliceous loamy (2),2+3,2+3
2462,2,Siliceous loamy (2),2+3,2+3
2468,2,Siliceous loamy (2),2+3,2+3
2483,2,Siliceous loamy (2),2+3,2+3
2497,2,Siliceous loamy (2),2+3,2+3
2499,2,Siliceous loamy (2),2+3,2+3
2501,2,Siliceous loamy (2),2+3,2+3
2506,2,Siliceous loamy (2),2+3,2+3
2508,2,Siliceous loamy (2),2+3,2+3
2509,2,Siliceous loamy (2),2+3,2+3
2513,2,Siliceous loamy (2),2+3,2+3
2516,2,Siliceous loamy (2),2+3,2+3
2525,2,Siliceous loamy (2),2+3,2+3
2539,2,Siliceous loamy (2),2+3,2+3
2543,2,Siliceous loamy (2),2+3,2+3
2552,2,Siliceous loamy (2),2+3,2+3
2556,2,Siliceous loamy (2),2+3,2+3
2557,2,Siliceous loamy (2),2+3,2+3
2566,2,Siliceous loamy (2),2+3,2+3
2576,2,Siliceous loamy (2),2+3,2+3
2577,2,Siliceous loamy (2),2+3,2+3
2598,2,Siliceous loamy (2),2+3,2+3
2602,2,Siliceous loamy (2),2+3,2+3
2607,2,Siliceous loamy (2),2+3,2+3
2609,2,Siliceous loamy (2),2+3,2+3
2617,2,Siliceous loamy (2),2+3,2+3
2622,2,Siliceous loamy (2),2+3,2+3
2632,2,Siliceous loamy (2),2+3,2+3
2641,2,Siliceous loamy (2),2+3,2+3
2652,2,Siliceous loamy (2),2+3,2+3
2662,2,Siliceous loamy (2),2+3,2+3
2680,2,Siliceous loamy (2),2+3,2+3
2692,2,Siliceous loamy (2),2+3,2+3
2704,2,Siliceous loamy (2),2+3,2+3
2706,2,Siliceous loamy (2),2+3,2+3
2750,2,Siliceous loamy (2),2+3,2+3
6,3,Siliceous heavy (3),2+3,2+3
8,3,Siliceous heavy (3),2+3,2+3
25,3,Siliceous heavy (3),2+3,2+3
29,3,Siliceous heavy (3),2+3,2+3
38,3,Siliceous heavy (3),2+3,2+3
46,3,Siliceous heavy (3),2+3,2+3
74,3,Siliceous heavy (3),2+3,2+3
134,3,Siliceous heavy (3),2+3,2+3
136,3,Siliceous heavy (3),2+3,2+3
143,3,Siliceous heavy (3),2+3,2+3
145,3,Siliceous heavy (3),2+3,2+3
166,3,Siliceous heavy (3),2+3,2+3
184,3,Siliceous heavy (3),2+3,2+3
203,3,Siliceous heavy (3),2+3,2+3
209,3,Siliceous heavy (3),2+3,2+3
211,3,Siliceous heavy (3),2+3,2+3
218,3,Siliceous heavy (3),2+3,2+3
224,3,Siliceous heavy (3),2+3,2+3
230,3,Siliceous heavy (3),2+3,2+3
233,3,Siliceous heavy (3),2+3,2+3
288,3,Siliceous heavy (3),2+3,2+3
317,3,Siliceous heavy (3),2+3,2+3
329,3,Siliceous heavy (3),2+3,2+3
365,3,Siliceous heavy (3),2+3,2+3
379,3,Siliceous heavy (3),2+3,2+3
380,3,Siliceous heavy (3),2+3,2+3
403,3,Siliceous heavy (3),2+3,2+3
406,3,Siliceous heavy (3),2+3,2+3
411,3,Siliceous heavy (3),2+3,2+3
422,3,Siliceous heavy (3),2+3,2+3
432,3,Siliceous heavy (3),2+3,2+3
434,3,Siliceous heavy (3),2+3,2+3
442,3,Siliceous heavy (3),2+3,2+3
443,3,Siliceous heavy (3),2+3,2+3
456,3,Siliceous heavy (3),2+3,2+3
464,3,Siliceous heavy (3),2+3,2+3
471,3,Siliceous heavy (3),2+3,2+3
485,3,Siliceous heavy (3),2+3,2+3
497,3,Siliceous heavy (3),2+3,2+3
508,3,Siliceous heavy (3),2+3,2+3
521,3,Siliceous heavy (3),2+3,2+3
568,3,Siliceous heavy (3),2+3,2+3
572,3,Siliceous heavy (3),2+3,2+3
577,3,Siliceous heavy (3),2+3,2+3
607,3,Siliceous heavy (3),2+3,2+3
618,3,Siliceous heavy (3),2+3,2+3
622,3,Siliceous heavy (3),2+3,2+3
623,3,Siliceous heavy (3),2+3,2+3
627,3,Siliceous heavy (3),2+3,2+3
628,3,Siliceous heavy (3),2+3,2+3
635,3,Siliceous heavy (3),2+3,2+3
643,3,Siliceous heavy (3),2+3,2+3
718,3,Siliceous heavy (3),2+3,2+3
729,3,Siliceous heavy (3),2+3,2+3
735,3,Siliceous heavy (3),2+3,2+3
771,3,Siliceous heavy (3),2+3,2+3
782,3,Siliceous heavy (3),2+3,2+3
796,3,Siliceous heavy (3),2+3,2+3
815,3,Siliceous heavy (3),2+3,2+3
825,3,Siliceous heavy (3),2+3,2+3
828,3,Siliceous heavy (3),2+3,2+3
835,3,Siliceous heavy (3),2+3,2+3
839,3,Siliceous heavy (3),2+3,2+3
857,3,Siliceous heavy (3),2+3,2+3
876,3,Siliceous heavy (3),2+3,2+3
880,3,Siliceous heavy (3),2+3,2+3
881,3,Siliceous heavy (3),2+3,2+3
885,3,Siliceous heavy (3),2+3,2+3
891,3,Siliceous heavy (3),2+3,2+3
893,3,Siliceous heavy (3),2+3,2+3
895,3,Siliceous heavy (3),2+3,2+3
930,3,Siliceous heavy (3),2+3,2+3
935,3,Siliceous heavy (3),2+3,2+3
961,3,Siliceous heavy (3),2+3,2+3
967,3,Siliceous heavy (3),2+3,2+3
972,3,Siliceous heavy (3),2+3,2+3
983,3,Siliceous heavy (3),2+3,2+3
991,3,Siliceous heavy (3),2+3,2+3
996,3,Siliceous heavy (3),2+3,2+3
1012,3,Siliceous heavy (3),2+3,2+3
1013,3,Siliceous heavy (3),2+3,2+3
1015,3,Siliceous heavy (3),2+3,2+3
1026,3,Siliceous heavy (3),2+3,2+3
1037,3,Siliceous heavy (3),2+3,2+3
1044,3,Siliceous heavy (3),2+3,2+3
1062,3,Siliceous heavy (3),2+3,2+3
1095,3,Siliceous heavy (3),2+3,2+3
1133,3,Siliceous heavy (3),2+3,2+3
1142,3,Siliceous heavy (3),2+3,2+3
1151,3,Siliceous heavy (3),2+3,2+3
1157,3,Siliceous heavy (3),2+3,2+3
1170,3,Siliceous heavy (3),2+3,2+3
1179,3,Siliceous heavy (3),2+3,2+3
1180,3,Siliceous heavy (3),2+3,2+3
1181,3,Siliceous heavy (3),2+3,2+3
1198,3,Siliceous heavy (3),2+3,2+3
1211,3,Siliceous heavy (3),2+3,2+3
1213,3,Siliceous heavy (3),2+3,2+3
1215,3,Siliceous heavy (3),2+3,2+3
1233,3,Siliceous heavy (3),2+3,2+3
1283,3,Siliceous heavy (3),2+3,2+3
1301,3,Siliceous heavy (3),2+3,2+3
1305,3,Siliceous heavy (3),2+3,2+3
1312,3,Siliceous heavy (3),2+3,2+3
1316,3,Siliceous heavy (3),2+3,2+3
1346,3,Siliceous heavy (3),2+3,2+3
1359,3,Siliceous heavy (3),2+3,2+3
1368,3,Siliceous heavy (3),2+3,2+3
1372,3,Siliceous heavy (3),2+3,2+3
1378,3,Siliceous heavy (3),2+3,2+3
1390,3,Siliceous heavy (3),2+3,2+3
1394,3,Siliceous heavy (3),2+3,2+3
1407,3,Siliceous heavy (3),2+3,2+3
1429,3,Siliceous heavy (3),2+3,2+3
1432,3,Siliceous heavy (3),2+3,2+3
1452,3,Siliceous heavy (3),2+3,2+3
1464,3,Siliceous heavy (3),2+3,2+3
1470,3,Siliceous heavy (3),2+3,2+3
1476,3,Siliceous heavy (3),2+3,2+3
1482,3,Siliceous heavy (3),2+3,2+3
1505,3,Siliceous heavy (3),2+3,2+3
1516,3,Siliceous heavy (3),2+3,2+3
1531,3,Siliceous heavy (3),2+3,2+3
1538,3,Siliceous heavy (3),2+3,2+3
1546,3,Siliceous heavy (3),2+3,2+3
1565,3,Siliceous heavy (3),2+3,2+3
1572,3,Siliceous heavy (3),2+3,2+3
1582,3,Siliceous heavy (3),2+3,2+3
1587,3,Siliceous heavy (3),2+3,2+3
1599,3,Siliceous heavy (3),2+3,2+3
1605,3,Siliceous heavy (3),2+3,2+3
1615,3,Siliceous heavy (3),2+3,2+3
1620,3,Siliceous heavy (3),2+3,2+3
1631,3,Siliceous heavy (3),2+3,2+3
1646,3,Siliceous heavy (3),2+3,2+3
1656,3,Siliceous heavy (3),2+3,2+3
1663,3,Siliceous heavy (3),2+3,2+3
1665,3,Siliceous heavy (3),2+3,2+3
1668,3,Siliceous heavy (3),2+3,2+3
1696,3,Siliceous heavy (3),2+3,2+3
1699,3,Siliceous heavy (3),2+3,2+3
1709,3,Siliceous heavy (3),2+3,2+3
1719,3,Siliceous heavy (3),2+3,2+3
1750,3,Siliceous heavy (3),2+3,2+3
1759,3,Siliceous heavy (3),2+3,2+3
1776,3,Siliceous heavy (3),2+3,2+3
1788,3,Siliceous heavy (3),2+3,2+3
1813,3,Siliceous heavy (3),2+3,2+3
1821,3,Siliceous heavy (3),2+3,2+3
1830,3,Siliceous heavy (3),2+3,2+3
1839,3,Siliceous heavy (3),2+3,2+3
1843,3,Siliceous heavy (3),2+3,2+3
1861,3,Siliceous heavy (3),2+3,2+3
1869,3,Siliceous heavy (3),2+3,2+3
1877,3,Siliceous heavy (3),2+3,2+3
1891,3,Siliceous heavy (3),2+3,2+3
1892,3,Siliceous heavy (3),2+3,2+3
1897,3,Siliceous heavy (3),2+3,2+3
1915,3,Siliceous heavy (3),2+3,2+3
1925,3,Siliceous heavy (3),2+3,2+3
1934,3,Siliceous heavy (3),2+3,2+3
1935,3,Siliceous heavy (3),2+3,2+3
1940,3,Siliceous heavy (3),2+3,2+3
1942,3,Siliceous heavy (3),2+3,2+3
1958,3,Siliceous heavy (3),2+3,2+3
1962,3,Siliceous heavy (3),2+3,2+3
1966,3,Siliceous heavy (3),2+3,2+3
1973,3,Siliceous heavy (3),2+3,2+3
1978,3,Siliceous heavy (3),2+3,2+3
1988,3,Siliceous heavy (3),2+3,2+3
2005,3,Siliceous heavy (3),2+3,2+3
2008,3,Siliceous heavy (3),2+3,2+3
2012,3,Siliceous heavy (3),2+3,2+3
2029,3,Siliceous heavy (3),2+3,2+3
2032,3,Siliceous heavy (3),2+3,2+3
2034,3,Siliceous heavy (3),2+3,2+3
2042,3,Siliceous heavy (3),2+3,2+3
2049,3,Siliceous heavy (3),2+3,2+3
2052,3,Siliceous heavy (3),2+3,2+3
2053,3,Siliceous heavy (3),2+3,2+3
2090,3,Siliceous heavy (3),2+3,2+3
2103,3,Siliceous heavy (3),2+3,2+3
2120,3,Siliceous heavy (3),2+3,2+3
2148,3,Siliceous heavy (3),2+3,2+3
2150,3,Siliceous heavy (3),2+3,2+3
2154,3,Siliceous heavy (3),2+3,2+3
2160,3,Siliceous heavy (3),2+3,2+3
2163,3,Siliceous heavy (3),2+3,2+3
2172,3,Siliceous heavy (3),2+3,2+3
2186,3,Siliceous heavy (3),2+3,2+3
2217,3,Siliceous heavy (3),2+3,2+3
2257,3,Siliceous heavy (3),2+3,2+3
2261,3,Siliceous heavy (3),2+3,2+3
2266,3,Siliceous heavy (3),2+3,2+3
2276,3,Siliceous heavy (3),2+3,2+3
2301,3,Siliceous heavy (3),2+3,2+3
2302,3,Siliceous heavy (3),2+3,2+3
2303,3,Siliceous heavy (3),2+3,2+3
2309,3,Siliceous heavy (3),2+3,2+3
2312,3,Siliceous heavy (3),2+3,2+3
2330,3,Siliceous heavy (3),2+3,2+3
2345,3,Siliceous heavy (3),2+3,2+3
2349,3,Siliceous heavy (3),2+3,2+3
2361,3,Siliceous heavy (3),2+3,2+3
2371,3,Siliceous heavy (3),2+3,2+3
2381,3,Siliceous heavy (3),2+3,2+3
2401,3,Siliceous heavy (3),2+3,2+3
2415,3,Siliceous heavy (3),2+3,2+3
2417,3,Siliceous heavy (3),2+3,2+3
2435,3,Siliceous heavy (3),2+3,2+3
2454,3,Siliceous heavy (3),2+3,2+3
2479,3,Siliceous heavy (3),2+3,2+3
2489,3,Siliceous heavy (3),2+3,2+3
2498,3,Siliceous heavy (3),2+3,2+3
2500,3,Siliceous heavy (3),2+3,2+3
2514,3,Siliceous heavy (3),2+3,2+3
2571,3,Siliceous heavy (3),2+3,2+3
2578,3,Siliceous heavy (3),2+3,2+3
2612,3,Siliceous heavy (3),2+3,2+3
2615,3,Siliceous heavy (3),2+3,2+3
2618,3,Siliceous heavy (3),2+3,2+3
2629,3,Siliceous heavy (3),2+3,2+3
2631,3,Siliceous heavy (3),2+3,2+3
2644,3,Siliceous heavy (3),2+3,2+3
2646,3,Siliceous heavy (3),2+3,2+3
2647,3,Siliceous heavy (3),2+3,2+3
2663,3,Siliceous heavy (3),2+3,2+3
2671,3,Siliceous heavy (3),2+3,2+3
2677,3,Siliceous heavy (3),2+3,2+3
2698,3,Siliceous heavy (3),2+3,2+3
2734,3,Siliceous heavy (3),2+3,2+3
2735,3,Siliceous heavy (3),2+3,2+3
2741,3,Siliceous heavy (3),2+3,2+3
2742,3,Siliceous heavy (3),2+3,2+3
2743,3,Siliceous heavy (3),2+3,2+3
2745,3,Siliceous heavy (3),2+3,2+3
2747,3,Siliceous heavy (3),2+3,2+3
270,4,Siliceous heavy (3),2+3,2+3+4
565,4,Siliceous heavy (3),2+3,2+3+4
631,4,Siliceous heavy (3),2+3,2+3+4
1717,4,Siliceous heavy (3),2+3,2+3+4
2030,4,Siliceous heavy (3),2+3,2+3+4
2235,4,Siliceous heavy (3),2+3,2+3+4
31,5,Siliceous loamy (2),2+4,2+4
48,5,Siliceous loamy (2),2+4,2+4
61,5,Siliceous loamy (2),2+4,2+4
100,5,Siliceous loamy (2),2+4,2+4
185,5,Siliceous loamy (2),2+4,2+4
186,5,Siliceous loamy (2),2+4,2+4
287,5,Siliceous loamy (2),2+4,2+4
315,5,Siliceous loamy (2),2+4,2+4
351,5,Siliceous loamy (2),2+4,2+4
362,5,Siliceous loamy (2),2+4,2+4
404,5,Siliceous loamy (2),2+4,2+4
435,5,Siliceous loamy (2),2+4,2+4
441,5,Siliceous loamy (2),2+4,2+4
491,5,Siliceous loamy (2),2+4,2+4
492,5,Siliceous loamy (2),2+4,2+4
525,5,Siliceous loamy (2),2+4,2+4
528,5,Siliceous loamy (2),2+4,2+4
588,5,Siliceous loamy (2),2+4,2+4
597,5,Siliceous loamy (2),2+4,2+4
600,5,Siliceous loamy (2),2+4,2+4
603,5,Siliceous loamy (2),2+4,2+4
610,5,Siliceous loamy (2),2+4,2+4
637,5,Siliceous loamy (2),2+4,2+4
659,5,Siliceous loamy (2),2+4,2+4
747,5,Siliceous loamy (2),2+4,2+4
756,5,Siliceous loamy (2),2+4,2+4
775,5,Siliceous loamy (2),2+4,2+4
808,5,Siliceous loamy (2),2+4,2+4
811,5,Siliceous loamy (2),2+4,2+4
823,5,Siliceous loamy (2),2+4,2+4
847,5,Siliceous loamy (2),2+4,2+4
865,5,Siliceous loamy (2),2+4,2+4
903,5,Siliceous loamy (2),2+4,2+4
910,5,Siliceous loamy (2),2+4,2+4
914,5,Siliceous loamy (2),2+4,2+4
926,5,Siliceous loamy (2),2+4,2+4
946,5,Siliceous loamy (2),2+4,2+4
990,5,Siliceous loamy (2),2+4,2+4
1029,5,Siliceous loamy (2),2+4,2+4
1033,5,Siliceous loamy (2),2+4,2+4
1038,5,Siliceous loamy (2),2+4,2+4
1050,5,Siliceous loamy (2),2+4,2+4
1051,5,Siliceous loamy (2),2+4,2+4
1070,5,Siliceous loamy (2),2+4,2+4
1081,5,Siliceous loamy (2),2+4,2+4
1094,5,Siliceous loamy (2),2+4,2+4
1144,5,Siliceous loamy (2),2+4,2+4
1152,5,Siliceous loamy (2),2+4,2+4
1173,5,Siliceous loamy (2),2+4,2+4
1202,5,Siliceous loamy (2),2+4,2+4
1220,5,Siliceous loamy (2),2+4,2+4
1222,5,Siliceous loamy (2),2+4,2+4
1227,5,Siliceous loamy (2),2+4,2+4
1245,5,Siliceous loamy (2),2+4,2+4
1251,5,Siliceous loamy (2),2+4,2+4
1262,5,Siliceous loamy (2),2+4,2+4
1286,5,Siliceous loamy (2),2+4,2+4
1313,5,Siliceous loamy (2),2+4,2+4
1342,5,Siliceous loamy (2),2+4,2+4
1345,5,Siliceous loamy (2),2+4,2+4
1365,5,Siliceous loamy (2),2+4,2+4
1411,5,Siliceous loamy (2),2+4,2+4
1430,5,Siliceous loamy (2),2+4,2+4
1436,5,Siliceous loamy (2),2+4,2+4
1438,5,Siliceous loamy (2),2+4,2+4
1472,5,Siliceous loamy (2),2+4,2+4
1497,5,Siliceous loamy (2),2+4,2+4
1501,5,Siliceous loamy (2),2+4,2+4
1532,5,Siliceous loamy (2),2+4,2+4
1580,5,Siliceous loamy (2),2+4,2+4
1721,5,Siliceous loamy (2),2+4,2+4
1723,5,Siliceous loamy (2),2+4,2+4
1745,5,Siliceous loamy (2),2+4,2+4
1747,5,Siliceous loamy (2),2+4,2+4
1783,5,Siliceous loamy (2),2+4,2+4
1790,5,Siliceous loamy (2),2+4,2+4
1805,5,Siliceous loamy (2),2+4,2+4
1848,5,Siliceous loamy (2),2+4,2+4
1863,5,Siliceous loamy (2),2+4,2+4
1878,5,Siliceous loamy (2),2+4,2+4
1900,5,Siliceous loamy (2),2+4,2+4
1948,5,Siliceous loamy (2),2+4,2+4
2039,5,Siliceous loamy (2),2+4,2+4
2057,5,Siliceous loamy (2),2+4,2+4
2059,5,Siliceous loamy (2),2+4,2+4
2065,5,Siliceous loamy (2),2+4,2+4
2073,5,Siliceous loamy (2),2+4,2+4
2113,5,Siliceous loamy (2),2+4,2+4
2139,5,Siliceous loamy (2),2+4,2+4
2171,5,Siliceous loamy (2),2+4,2+4
2189,5,Siliceous loamy (2),2+4,2+4
2192,5,Siliceous loamy (2),2+4,2+4
2196,5,Siliceous loamy (2),2+4,2+4
2233,5,Siliceous loamy (2),2+4,2+4
2248,5,Siliceous loamy (2),2+4,2+4
2324,5,Siliceous loamy (2),2+4,2+4
2331,5,Siliceous loamy (2),2+4,2+4
2341,5,Siliceous loamy (2),2+4,2+4
2342,5,Siliceous loamy (2),2+4,2+4
2391,5,Siliceous loamy (2),2+4,2+4
2399,5,Siliceous loamy (2),2+4,2+4
2409,5,Siliceous loamy (2),2+4,2+4
2425,5,Siliceous loamy (2),2+4,2+4
2433,5,Siliceous loamy (2),2+4,2+4
2456,5,Siliceous loamy (2),2+4,2+4
2484,5,Siliceous loamy (2),2+4,2+4
2507,5,Siliceous loamy (2),2+4,2+4
2522,5,Siliceous loamy (2),2+4,2+4
2526,5,Siliceous loamy (2),2+4,2+4
2529,5,Siliceous loamy (2),2+4,2+4
2535,5,Siliceous loamy (2),2+4,2+4
2540,5,Siliceous loamy (2),2+4,2+4
2560,5,Siliceous loamy (2),2+4,2+4
2597,5,Siliceous loamy (2),2+4,2+4
2628,5,Siliceous loamy (2),2+4,2+4
2668,5,Siliceous loamy (2),2+4,2+4
2669,5,Siliceous loamy (2),2+4,2+4
2712,5,Siliceous loamy (2),2+4,2+4
2730,5,Siliceous loamy (2),2+4,2+4
425,6,Basic heavy (5),2+5,2+3+5
794,6,Basic heavy (5),2+5,2+3+5
1018,6,Basic heavy (5),2+5,2+3+5
1768,6,Basic heavy (5),2+5,2+3+5
1924,6,Basic heavy (5),2+5,2+3+5
1963,6,Basic heavy (5),2+5,2+3+5
2125,6,Basic heavy (5),2+5,2+3+5
2204,6,Basic heavy (5),2+5,2+3+5
2354,6,Basic heavy (5),2+5,2+3+5
2485,6,Basic heavy (5),2+5,2+3+5
7,7,Siliceous loamy (2),2+5,2+4+5
400,8,Siliceous loamy (2),2+5,2+5
496,8,Siliceous loamy (2),2+5,2+5
1458,8,Siliceous loamy (2),2+5,2+5
1763,8,Siliceous loamy (2),2+5,2+5
2388,8,Siliceous loamy (2),2+5,2+5
2503,8,Siliceous loamy (2),2+5,2+5
1,10,Siliceous heavy (3),3,3
2,10,Siliceous heavy (3),3,3
4,10,Siliceous heavy (3),3,3
12,10,Siliceous heavy (3),3,3
20,10,Siliceous heavy (3),3,3
23,10,Siliceous heavy (3),3,3
24,10,Siliceous heavy (3),3,3
27,10,Siliceous heavy (3),3,3
28,10,Siliceous heavy (3),3,3
32,10,Siliceous heavy (3),3,3
35,10,Siliceous heavy (3),3,3
36,10,Siliceous heavy (3),3,3
37,10,Siliceous heavy (3),3,3
41,10,Siliceous heavy (3),3,3
44,10,Siliceous heavy (3),3,3
49,10,Siliceous heavy (3),3,3
51,10,Siliceous heavy (3),3,3
52,10,Siliceous heavy (3),3,3
59,10,Siliceous heavy (3),3,3
60,10,Siliceous heavy (3),3,3
62,10,Siliceous heavy (3),3,3
65,10,Siliceous heavy (3),3,3
67,10,Siliceous heavy (3),3,3
70,10,Siliceous heavy (3),3,3
73,10,Siliceous heavy (3),3,3
75,10,Siliceous heavy (3),3,3
82,10,Siliceous heavy (3),3,3
84,10,Siliceous heavy (3),3,3
86,10,Siliceous heavy (3),3,3
89,10,Siliceous heavy (3),3,3
90,10,Siliceous heavy (3),3,3
91,10,Siliceous heavy (3),3,3
95,10,Siliceous heavy (3),3,3
101,10,Siliceous heavy (3),3,3
105,10,Siliceous heavy (3),3,3
106,10,Siliceous heavy (3),3,3
107,10,Siliceous heavy (3),3,3
110,10,Siliceous heavy (3),3,3
115,10,Siliceous heavy (3),3,3
121,10,Siliceous heavy (3),3,3
122,10,Siliceous heavy (3),3,3
124,10,Siliceous heavy (3),3,3
125,10,Siliceous heavy (3),3,3
128,10,Siliceous heavy (3),3,3
129,10,Siliceous heavy (3),3,3
141,10,Siliceous heavy (3),3,3
142,10,Siliceous heavy (3),3,3
146,10,Siliceous heavy (3),3,3
147,10,Siliceous heavy (3),3,3
151,10,Siliceous heavy (3),3,3
152,10,Siliceous heavy (3),3,3
155,10,Siliceous heavy (3),3,3
156,10,Siliceous heavy (3),3,3
157,10,Siliceous heavy (3),3,3
159,10,Siliceous heavy (3),3,3
161,10,Siliceous heavy (3),3,3
164,10,Siliceous heavy (3),3,3
165,10,Siliceous heavy (3),3,3
168,10,Siliceous heavy (3),3,3
169,10,Siliceous heavy (3),3,3
174,10,Siliceous heavy (3),3,3
175,10,Siliceous heavy (3),3,3
189,10,Siliceous heavy (3),3,3
190,10,Siliceous heavy (3),3,3
192,10,Siliceous heavy (3),3,3
195,10,Siliceous heavy (3),3,3
196,10,Siliceous heavy (3),3,3
197,10,Siliceous heavy (3),3,3
198,10,Siliceous heavy (3),3,3
201,10,Siliceous heavy (3),3,3
202,10,Siliceous heavy (3),3,3
205,10,Siliceous heavy (3),3,3
208,10,Siliceous heavy (3),3,3
212,10,Siliceous heavy (3),3,3
215,10,Siliceous heavy (3),3,3
221,10,Siliceous heavy (3),3,3
226,10,Siliceous heavy (3),3,3
236,10,Siliceous heavy (3),3,3
241,10,Siliceous heavy (3),3,3
246,10,Siliceous heavy (3),3,3
249,10,Siliceous heavy (3),3,3
251,10,Siliceous heavy (3),3,3
254,10,Siliceous heavy (3),3,3
257,10,Siliceous heavy (3),3,3
264,10,Siliceous heavy (3),3,3
265,10,Siliceous heavy (3),3,3
277,10,Siliceous heavy (3),3,3
280,10,Siliceous heavy (3),3,3
281,10,Siliceous heavy (3),3,3
283,10,Siliceous heavy (3),3,3
284,10,Siliceous heavy (3),3,3
292,10,Siliceous heavy (3),3,3
294,10,Siliceous heavy (3),3,3
296,10,Siliceous heavy (3),3,3
299,10,Siliceous heavy (3),3,3
301,10,Siliceous heavy (3),3,3
306,10,Siliceous heavy (3),3,3
307,10,Siliceous heavy (3),3,3
308,10,Siliceous heavy (3),3,3
310,10,Siliceous heavy (3),3,3
311,10,Siliceous heavy (3),3,3
313,10,Siliceous heavy (3),3,3
318,10,Siliceous heavy (3),3,3
319,10,Siliceous heavy (3),3,3
324,10,Siliceous heavy (3),3,3
327,10,Siliceous heavy (3),3,3
330,10,Siliceous heavy (3),3,3
333,10,Siliceous heavy (3),3,3
336,10,Siliceous heavy (3),3,3
337,10,Siliceous heavy (3),3,3
341,10,Siliceous heavy (3),3,3
343,10,Siliceous heavy (3),3,3
348,10,Siliceous heavy (3),3,3
350,10,Siliceous heavy (3),3,3
352,10,Siliceous heavy (3),3,3
353,10,Siliceous heavy (3),3,3
354,10,Siliceous heavy (3),3,3
356,10,Siliceous heavy (3),3,3
358,10,Siliceous heavy (3),3,3
359,10,Siliceous heavy (3),3,3
367,10,Siliceous heavy (3),3,3
372,10,Siliceous heavy (3),3,3
375,10,Siliceous heavy (3),3,3
376,10,Siliceous heavy (3),3,3
377,10,Siliceous heavy (3),3,3
384,10,Siliceous heavy (3),3,3
385,10,Siliceous heavy (3),3,3
386,10,Siliceous heavy (3),3,3
388,10,Siliceous heavy (3),3,3
389,10,Siliceous heavy (3),3,3
395,10,Siliceous heavy (3),3,3
396,10,Siliceous heavy (3),3,3
397,10,Siliceous heavy (3),3,3
407,10,Siliceous heavy (3),3,3
408,10,Siliceous heavy (3),3,3
415,10,Siliceous heavy (3),3,3
416,10,Siliceous heavy (3),3,3
418,10,Siliceous heavy (3),3,3
430,10,Siliceous heavy (3),3,3
433,10,Siliceous heavy (3),3,3
437,10,Siliceous heavy (3),3,3
440,10,Siliceous heavy (3),3,3
445,10,Siliceous heavy (3),3,3
446,10,Siliceous heavy (3),3,3
448,10,Siliceous heavy (3),3,3
449,10,Siliceous heavy (3),3,3
450,10,Siliceous heavy (3),3,3
451,10,Siliceous heavy (3),3,3
453,10,Siliceous heavy (3),3,3
454,10,Siliceous heavy (3),3,3
458,10,Siliceous heavy (3),3,3
459,10,Siliceous heavy (3),3,3
465,10,Siliceous heavy (3),3,3
470,10,Siliceous heavy (3),3,3
472,10,Siliceous heavy (3),3,3
475,10,Siliceous heavy (3),3,3
477,10,Siliceous heavy (3),3,3
479,10,Siliceous heavy (3),3,3
483,10,Siliceous heavy (3),3,3
484,10,Siliceous heavy (3),3,3
486,10,Siliceous heavy (3),3,3
487,10,Siliceous heavy (3),3,3
489,10,Siliceous heavy (3),3,3
493,10,Siliceous heavy (3),3,3
494,10,Siliceous heavy (3),3,3
495,10,Siliceous heavy (3),3,3
505,10,Siliceous heavy (3),3,3
509,10,Siliceous heavy (3),3,3
511,10,Siliceous heavy (3),3,3
513,10,Siliceous heavy (3),3,3
516,10,Siliceous heavy (3),3,3
518,10,Siliceous heavy (3),3,3
524,10,Siliceous heavy (3),3,3
526,10,Siliceous heavy (3),3,3
530,10,Siliceous heavy (3),3,3
537,10,Siliceous heavy (3),3,3
540,10,Siliceous heavy (3),3,3
543,10,Siliceous heavy (3),3,3
544,10,Siliceous heavy (3),3,3
546,10,Siliceous heavy (3),3,3
547,10,Siliceous heavy (3),3,3
548,10,Siliceous heavy (3),3,3
555,10,Siliceous heavy (3),3,3
556,10,Siliceous heavy (3),3,3
566,10,Siliceous heavy (3),3,3
567,10,Siliceous heavy (3),3,3
571,10,Siliceous heavy (3),3,3
574,10,Siliceous heavy (3),3,3
576,10,Siliceous heavy (3),3,3
580,10,Siliceous heavy (3),3,3
581,10,Siliceous heavy (3),3,3
587,10,Siliceous heavy (3),3,3
589,10,Siliceous heavy (3),3,3
594,10,Siliceous heavy (3),3,3
596,10,Siliceous heavy (3),3,3
598,10,Siliceous heavy (3),3,3
601,10,Siliceous heavy (3),3,3
602,10,Siliceous heavy (3),3,3
609,10,Siliceous heavy (3),3,3
612,10,Siliceous heavy (3),3,3
613,10,Siliceous heavy (3),3,3
614,10,Siliceous heavy (3),3,3
617,10,Siliceous heavy (3),3,3
634,10,Siliceous heavy (3),3,3
639,10,Siliceous heavy (3),3,3
642,10,Siliceous heavy (3),3,3
646,10,Siliceous heavy (3),3,3
649,10,Siliceous heavy (3),3,3
651,10,Siliceous heavy (3),3,3
654,10,Siliceous heavy (3),3,3
664,10,Siliceous heavy (3),3,3
667,10,Siliceous heavy (3),3,3
668,10,Siliceous heavy (3),3,3
671,10,Siliceous heavy (3),3,3
676,10,Siliceous heavy (3),3,3
679,10,Siliceous heavy (3),3,3
683,10,Siliceous heavy (3),3,3
684,10,Siliceous heavy (3),3,3
687,10,Siliceous heavy (3),3,3
689,10,Siliceous heavy (3),3,3
699,10,Siliceous heavy (3),3,3
700,10,Siliceous heavy (3),3,3
702,10,Siliceous heavy (3),3,3
704,10,Siliceous heavy (3),3,3
708,10,Siliceous heavy (3),3,3
711,10,Siliceous heavy (3),3,3
715,10,Siliceous heavy (3),3,3
728,10,Siliceous heavy (3),3,3
730,10,Siliceous heavy (3),3,3
731,10,Siliceous heavy (3),3,3
732,10,Siliceous heavy (3),3,3
733,10,Siliceous heavy (3),3,3
738,10,Siliceous heavy (3),3,3
748,10,Siliceous heavy (3),3,3
751,10,Siliceous heavy (3),3,3
753,10,Siliceous heavy (3),3,3
754,10,Siliceous heavy (3),3,3
757,10,Siliceous heavy (3),3,3
764,10,Siliceous heavy (3),3,3
765,10,Siliceous heavy (3),3,3
766,10,Siliceous heavy (3),3,3
769,10,Siliceous heavy (3),3,3
773,10,Siliceous heavy (3),3,3
777,10,Siliceous heavy (3),3,3
780,10,Siliceous heavy (3),3,3
787,10,Siliceous heavy (3),3,3
790,10,Siliceous heavy (3),3,3
791,10,Siliceous heavy (3),3,3
795,10,Siliceous heavy (3),3,3
798,10,Siliceous heavy (3),3,3
802,10,Siliceous heavy (3),3,3
805,10,Siliceous heavy (3),3,3
806,10,Siliceous heavy (3),3,3
809,10,Siliceous heavy (3),3,3
812,10,Siliceous heavy (3),3,3
816,10,Siliceous heavy (3),3,3
818,10,Siliceous heavy (3),3,3
827,10,Siliceous heavy (3),3,3
837,10,Siliceous heavy (3),3,3
844,10,Siliceous heavy (3),3,3
846,10,Siliceous heavy (3),3,3
848,10,Siliceous heavy (3),3,3
850,10,Siliceous heavy (3),3,3
851,10,Siliceous heavy (3),3,3
853,10,Siliceous heavy (3),3,3
855,10,Siliceous heavy (3),3,3
856,10,Siliceous heavy (3),3,3
858,10,Siliceous heavy (3),3,3
872,10,Siliceous heavy (3),3,3
887,10,Siliceous heavy (3),3,3
888,10,Siliceous heavy (3),3,3
894,10,Siliceous heavy (3),3,3
897,10,Siliceous heavy (3),3,3
901,10,Siliceous heavy (3),3,3
904,10,Siliceous heavy (3),3,3
906,10,Siliceous heavy (3),3,3
909,10,Siliceous heavy (3),3,3
911,10,Siliceous heavy (3),3,3
913,10,Siliceous heavy (3),3,3
918,10,Siliceous heavy (3),3,3
921,10,Siliceous heavy (3),3,3
922,10,Siliceous heavy (3),3,3
923,10,Siliceous heavy (3),3,3
924,10,Siliceous heavy (3),3,3
928,10,Siliceous heavy (3),3,3
929,10,Siliceous heavy (3),3,3
934,10,Siliceous heavy (3),3,3
940,10,Siliceous heavy (3),3,3
942,10,Siliceous heavy (3),3,3
943,10,Siliceous heavy (3),3,3
949,10,Siliceous heavy (3),3,3
950,10,Siliceous heavy (3),3,3
954,10,Siliceous heavy (3),3,3
955,10,Siliceous heavy (3),3,3
956,10,Siliceous heavy (3),3,3
963,10,Siliceous heavy (3),3,3
964,10,Siliceous heavy (3),3,3
965,10,Siliceous heavy (3),3,3
969,10,Siliceous heavy (3),3,3
977,10,Siliceous heavy (3),3,3
978,10,Siliceous heavy (3),3,3
980,10,Siliceous heavy (3),3,3
981,10,Siliceous heavy (3),3,3
985,10,Siliceous heavy (3),3,3
987,10,Siliceous heavy (3),3,3
988,10,Siliceous heavy (3),3,3
993,10,Siliceous heavy (3),3,3
994,10,Siliceous heavy (3),3,3
999,10,Siliceous heavy (3),3,3
1000,10,Siliceous heavy (3),3,3
1001,10,Siliceous heavy (3),3,3
1004,10,Siliceous heavy (3),3,3
1005,10,Siliceous heavy (3),3,3
1008,10,Siliceous heavy (3),3,3
1010,10,Siliceous heavy (3),3,3
1011,10,Siliceous heavy (3),3,3
1016,10,Siliceous heavy (3),3,3
1019,10,Siliceous heavy (3),3,3
1022,10,Siliceous heavy (3),3,3
1025,10,Siliceous heavy (3),3,3
1027,10,Siliceous heavy (3),3,3
1034,10,Siliceous heavy (3),3,3
1035,10,Siliceous heavy (3),3,3
1039,10,Siliceous heavy (3),3,3
1040,10,Siliceous heavy (3),3,3
1042,10,Siliceous heavy (3),3,3
1046,10,Siliceous heavy (3),3,3
1048,10,Siliceous heavy (3),3,3
1052,10,Siliceous heavy (3),3,3
1053,10,Siliceous heavy (3),3,3
1057,10,Siliceous heavy (3),3,3
1059,10,Siliceous heavy (3),3,3
1065,10,Siliceous heavy (3),3,3
1072,10,Siliceous heavy (3),3,3
1074,10,Siliceous heavy (3),3,3
1075,10,Siliceous heavy (3),3,3
1076,10,Siliceous heavy (3),3,3
1079,10,Siliceous heavy (3),3,3
1083,10,Siliceous heavy (3),3,3
1084,10,Siliceous heavy (3),3,3
1089,10,Siliceous heavy (3),3,3
1092,10,Siliceous heavy (3),3,3
1101,10,Siliceous heavy (3),3,3
1102,10,Siliceous heavy (3),3,3
1106,10,Siliceous heavy (3),3,3
1109,10,Siliceous heavy (3),3,3
1115,10,Siliceous heavy (3),3,3
1124,10,Siliceous heavy (3),3,3
1129,10,Siliceous heavy (3),3,3
1136,10,Siliceous heavy (3),3,3
1141,10,Siliceous heavy (3),3,3
1143,10,Siliceous heavy (3),3,3
1148,10,Siliceous heavy (3),3,3
1149,10,Siliceous heavy (3),3,3
1150,10,Siliceous heavy (3),3,3
1163,10,Siliceous heavy (3),3,3
1165,10,Siliceous heavy (3),3,3
1166,10,Siliceous heavy (3),3,3
1169,10,Siliceous heavy (3),3,3
1171,10,Siliceous heavy (3),3,3
1191,10,Siliceous heavy (3),3,3
1195,10,Siliceous heavy (3),3,3
1200,10,Siliceous heavy (3),3,3
1201,10,Siliceous heavy (3),3,3
1203,10,Siliceous heavy (3),3,3
1205,10,Siliceous heavy (3),3,3
1206,10,Siliceous heavy (3),3,3
1207,10,Siliceous heavy (3),3,3
1209,10,Siliceous heavy (3),3,3
1217,10,Siliceous heavy (3),3,3
1221,10,Siliceous heavy (3),3,3
1224,10,Siliceous heavy (3),3,3
1225,10,Siliceous heavy (3),3,3
1230,10,Siliceous heavy (3),3,3
1235,10,Siliceous heavy (3),3,3
1237,10,Siliceous heavy (3),3,3
1242,10,Siliceous heavy (3),3,3
1243,10,Siliceous heavy (3),3,3
1244,10,Siliceous heavy (3),3,3
1249,10,Siliceous heavy (3),3,3
1256,10,Siliceous heavy (3),3,3
1258,10,Siliceous heavy (3),3,3
1265,10,Siliceous heavy (3),3,3
1267,10,Siliceous heavy (3),3,3
1270,10,Siliceous heavy (3),3,3
1273,10,Siliceous heavy (3),3,3
1274,10,Siliceous heavy (3),3,3
1277,10,Siliceous heavy (3),3,3
1278,10,Siliceous heavy (3),3,3
1280,10,Siliceous heavy (3),3,3
1282,10,Siliceous heavy (3),3,3
1287,10,Siliceous heavy (3),3,3
1290,10,Siliceous heavy (3),3,3
1302,10,Siliceous heavy (3),3,3
1308,10,Siliceous heavy (3),3,3
1309,10,Siliceous heavy (3),3,3
1310,10,Siliceous heavy (3),3,3
1311,10,Siliceous heavy (3),3,3
1314,10,Siliceous heavy (3),3,3
1326,10,Siliceous heavy (3),3,3
1328,10,Siliceous heavy (3),3,3
1330,10,Siliceous heavy (3),3,3
1337,10,Siliceous heavy (3),3,3
1341,10,Siliceous heavy (3),3,3
1344,10,Siliceous heavy (3),3,3
1352,10,Siliceous heavy (3),3,3
1353,10,Siliceous heavy (3),3,3
1364,10,Siliceous heavy (3),3,3
1369,10,Siliceous heavy (3),3,3
1380,10,Siliceous heavy (3),3,3
1381,10,Siliceous heavy (3),3,3
1382,10,Siliceous heavy (3),3,3
1384,10,Siliceous heavy (3),3,3
1386,10,Siliceous heavy (3),3,3
1388,10,Siliceous heavy (3),3,3
1393,10,Siliceous heavy (3),3,3
1395,10,Siliceous heavy (3),3,3
1396,10,Siliceous heavy (3),3,3
1397,10,Siliceous heavy (3),3,3
1400,10,Siliceous heavy (3),3,3
1401,10,Siliceous heavy (3),3,3
1404,10,Siliceous heavy (3),3,3
1408,10,Siliceous heavy (3),3,3
1412,10,Siliceous heavy (3),3,3
1414,10,Siliceous heavy (3),3,3
1416,10,Siliceous heavy (3),3,3
1420,10,Siliceous heavy (3),3,3
1422,10,Siliceous heavy (3),3,3
1424,10,Siliceous heavy (3),3,3
1426,10,Siliceous heavy (3),3,3
1427,10,Siliceous heavy (3),3,3
1428,10,Siliceous heavy (3),3,3
1431,10,Siliceous heavy (3),3,3
1439,10,Siliceous heavy (3),3,3
1442,10,Siliceous heavy (3),3,3
1445,10,Siliceous heavy (3),3,3
1451,10,Siliceous heavy (3),3,3
1454,10,Siliceous heavy (3),3,3
1459,10,Siliceous heavy (3),3,3
1460,10,Siliceous heavy (3),3,3
1461,10,Siliceous heavy (3),3,3
1467,10,Siliceous heavy (3),3,3
1471,10,Siliceous heavy (3),3,3
1475,10,Siliceous heavy (3),3,3
1481,10,Siliceous heavy (3),3,3
1484,10,Siliceous heavy (3),3,3
1487,10,Siliceous heavy (3),3,3
1489,10,Siliceous heavy (3),3,3
1490,10,Siliceous heavy (3),3,3
1494,10,Siliceous heavy (3),3,3
1498,10,Siliceous heavy (3),3,3
1499,10,Siliceous heavy (3),3,3
1509,10,Siliceous heavy (3),3,3
1510,10,Siliceous heavy (3),3,3
1511,10,Siliceous heavy (3),3,3
1513,10,Siliceous heavy (3),3,3
1515,10,Siliceous heavy (3),3,3
1517,10,Siliceous heavy (3),3,3
1518,10,Siliceous heavy (3),3,3
1519,10,Siliceous heavy (3),3,3
1521,10,Siliceous heavy (3),3,3
1525,10,Siliceous heavy (3),3,3
1527,10,Siliceous heavy (3),3,3
1529,10,Siliceous heavy (3),3,3
1533,10,Siliceous heavy (3),3,3
1535,10,Siliceous heavy (3),3,3
1536,10,Siliceous heavy (3),3,3
1549,10,Siliceous heavy (3),3,3
1554,10,Siliceous heavy (3),3,3
1555,10,Siliceous heavy (3),3,3
1559,10,Siliceous heavy (3),3,3
1560,10,Siliceous heavy (3),3,3
1561,10,Siliceous heavy (3),3,3
1569,10,Siliceous heavy (3),3,3
1570,10,Siliceous heavy (3),3,3
1573,10,Siliceous heavy (3),3,3
1574,10,Siliceous heavy (3),3,3
1583,10,Siliceous heavy (3),3,3
1590,10,Siliceous heavy (3),3,3
1592,10,Siliceous heavy (3),3,3
1598,10,Siliceous heavy (3),3,3
1604,10,Siliceous heavy (3),3,3
1606,10,Siliceous heavy (3),3,3
1607,10,Siliceous heavy (3),3,3
1609,10,Siliceous heavy (3),3,3
1624,10,Siliceous heavy (3),3,3
1628,10,Siliceous heavy (3),3,3
1629,10,Siliceous heavy (3),3,3
1632,10,Siliceous heavy (3),3,3
1636,10,Siliceous heavy (3),3,3
1640,10,Siliceous heavy (3),3,3
1641,10,Siliceous heavy (3),3,3
1651,10,Siliceous heavy (3),3,3
1654,10,Siliceous heavy (3),3,3
1658,10,Siliceous heavy (3),3,3
1660,10,Siliceous heavy (3),3,3
1664,10,Siliceous heavy (3),3,3
1670,10,Siliceous heavy (3),3,3
1672,10,Siliceous heavy (3),3,3
1674,10,Siliceous heavy (3),3,3
1676,10,Siliceous heavy (3),3,3
1681,10,Siliceous heavy (3),3,3
1689,10,Siliceous heavy (3),3,3
1690,10,Siliceous heavy (3),3,3
1692,10,Siliceous heavy (3),3,3
1703,10,Siliceous heavy (3),3,3
1706,10,Siliceous heavy (3),3,3
1707,10,Siliceous heavy (3),3,3
1711,10,Siliceous heavy (3),3,3
1714,10,Siliceous heavy (3),3,3
1716,10,Siliceous heavy (3),3,3
1724,10,Siliceous heavy (3),3,3
1726,10,Siliceous heavy (3),3,3
1727,10,Siliceous heavy (3),3,3
1728,10,Siliceous heavy (3),3,3
1729,10,Siliceous heavy (3),3,3
1730,10,Siliceous heavy (3),3,3
1741,10,Siliceous heavy (3),3,3
1742,10,Siliceous heavy (3),3,3
1743,10,Siliceous heavy (3),3,3
1746,10,Siliceous heavy (3),3,3
1751,10,Siliceous heavy (3),3,3
1753,10,Siliceous heavy (3),3,3
1755,10,Siliceous heavy (3),3,3
1762,10,Siliceous heavy (3),3,3
1769,10,Siliceous heavy (3),3,3
1774,10,Siliceous heavy (3),3,3
1777,10,Siliceous heavy (3),3,3
1778,10,Siliceous heavy (3),3,3
1784,10,Siliceous heavy (3),3,3
1795,10,Siliceous heavy (3),3,3
1796,10,Siliceous heavy (3),3,3
1797,10,Siliceous heavy (3),3,3
1799,10,Siliceous heavy (3),3,3
1800,10,Siliceous heavy (3),3,3
1803,10,Siliceous heavy (3),3,3
1804,10,Siliceous heavy (3),3,3
1809,10,Siliceous heavy (3),3,3
1812,10,Siliceous heavy (3),3,3
1816,10,Siliceous heavy (3),3,3
1823,10,Siliceous heavy (3),3,3
1825,10,Siliceous heavy (3),3,3
1831,10,Siliceous heavy (3),3,3
1833,10,Siliceous heavy (3),3,3
1834,10,Siliceous heavy (3),3,3
1838,10,Siliceous heavy (3),3,3
1854,10,Siliceous heavy (3),3,3
1864,10,Siliceous heavy (3),3,3
1865,10,Siliceous heavy (3),3,3
1867,10,Siliceous heavy (3),3,3
1868,10,Siliceous heavy (3),3,3
1872,10,Siliceous heavy (3),3,3
1880,10,Siliceous heavy (3),3,3
1881,10,Siliceous heavy (3),3,3
1884,10,Siliceous heavy (3),3,3
1887,10,Siliceous heavy (3),3,3
1890,10,Siliceous heavy (3),3,3
1893,10,Siliceous heavy (3),3,3
1895,10,Siliceous heavy (3),3,3
1898,10,Siliceous heavy (3),3,3
1902,10,Siliceous heavy (3),3,3
1903,10,Siliceous heavy (3),3,3
1908,10,Siliceous heavy (3),3,3
1911,10,Siliceous heavy (3),3,3
1912,10,Siliceous heavy (3),3,3
1916,10,Siliceous heavy (3),3,3
1917,10,Siliceous heavy (3),3,3
1921,10,Siliceous heavy (3),3,3
1930,10,Siliceous heavy (3),3,3
1933,10,Siliceous heavy (3),3,3
1937,10,Siliceous heavy (3),3,3
1938,10,Siliceous heavy (3),3,3
1943,10,Siliceous heavy (3),3,3
1944,10,Siliceous heavy (3),3,3
1949,10,Siliceous heavy (3),3,3
1950,10,Siliceous heavy (3),3,3
1955,10,Siliceous heavy (3),3,3
1956,10,Siliceous heavy (3),3,3
1960,10,Siliceous heavy (3),3,3
1961,10,Siliceous heavy (3),3,3
1968,10,Siliceous heavy (3),3,3
1970,10,Siliceous heavy (3),3,3
1974,10,Siliceous heavy (3),3,3
1976,10,Siliceous heavy (3),3,3
1977,10,Siliceous heavy (3),3,3
1980,10,Siliceous heavy (3),3,3
1987,10,Siliceous heavy (3),3,3
1991,10,Siliceous heavy (3),3,3
1993,10,Siliceous heavy (3),3,3
1995,10,Siliceous heavy (3),3,3
1996,10,Siliceous heavy (3),3,3
2004,10,Siliceous heavy (3),3,3
2009,10,Siliceous heavy (3),3,3
2011,10,Siliceous heavy (3),3,3
2015,10,Siliceous heavy (3),3,3
2017,10,Siliceous heavy (3),3,3
2021,10,Siliceous heavy (3),3,3
2022,10,Siliceous heavy (3),3,3
2028,10,Siliceous heavy (3),3,3
2031,10,Siliceous heavy (3),3,3
2038,10,Siliceous heavy (3),3,3
2040,10,Siliceous heavy (3),3,3
2043,10,Siliceous heavy (3),3,3
2044,10,Siliceous heavy (3),3,3
2047,10,Siliceous heavy (3),3,3
2051,10,Siliceous heavy (3),3,3
2054,10,Siliceous heavy (3),3,3
2055,10,Siliceous heavy (3),3,3
2056,10,Siliceous heavy (3),3,3
2060,10,Siliceous heavy (3),3,3
2063,10,Siliceous heavy (3),3,3
2064,10,Siliceous heavy (3),3,3
2066,10,Siliceous heavy (3),3,3
2076,10,Siliceous heavy (3),3,3
2078,10,Siliceous heavy (3),3,3
2080,10,Siliceous heavy (3),3,3
2084,10,Siliceous heavy (3),3,3
2088,10,Siliceous heavy (3),3,3
2095,10,Siliceous heavy (3),3,3
2100,10,Siliceous heavy (3),3,3
2102,10,Siliceous heavy (3),3,3
2105,10,Siliceous heavy (3),3,3
2107,10,Siliceous heavy (3),3,3
2110,10,Siliceous heavy (3),3,3
2114,10,Siliceous heavy (3),3,3
2117,10,Siliceous heavy (3),3,3
2124,10,Siliceous heavy (3),3,3
2126,10,Siliceous heavy (3),3,3
2129,10,Siliceous heavy (3),3,3
2132,10,Siliceous heavy (3),3,3
2136,10,Siliceous heavy (3),3,3
2137,10,Siliceous heavy (3),3,3
2138,10,Siliceous heavy (3),3,3
2142,10,Siliceous heavy (3),3,3
2143,10,Siliceous heavy (3),3,3
2144,10,Siliceous heavy (3),3,3
2146,10,Siliceous heavy (3),3,3
2153,10,Siliceous heavy (3),3,3
2155,10,Siliceous heavy (3),3,3
2156,10,Siliceous heavy (3),3,3
2157,10,Siliceous heavy (3),3,3
2161,10,Siliceous heavy (3),3,3
2164,10,Siliceous heavy (3),3,3
2169,10,Siliceous heavy (3),3,3
2173,10,Siliceous heavy (3),3,3
2174,10,Siliceous heavy (3),3,3
2178,10,Siliceous heavy (3),3,3
2180,10,Siliceous heavy (3),3,3
2183,10,Siliceous heavy (3),3,3
2194,10,Siliceous heavy (3),3,3
2195,10,Siliceous heavy (3),3,3
2208,10,Siliceous heavy (3),3,3
2212,10,Siliceous heavy (3),3,3
2219,10,Siliceous heavy (3),3,3
2220,10,Siliceous heavy (3),3,3
2222,10,Siliceous heavy (3),3,3
2223,10,Siliceous heavy (3),3,3
2224,10,Siliceous heavy (3),3,3
2226,10,Siliceous heavy (3),3,3
2230,10,Siliceous heavy (3),3,3
2237,10,Siliceous heavy (3),3,3
2242,10,Siliceous heavy (3),3,3
2246,10,Siliceous heavy (3),3,3
2251,10,Siliceous heavy (3),3,3
2255,10,Siliceous heavy (3),3,3
2256,10,Siliceous heavy (3),3,3
2259,10,Siliceous heavy (3),3,3
2260,10,Siliceous heavy (3),3,3
2264,10,Siliceous heavy (3),3,3
2272,10,Siliceous heavy (3),3,3
2273,10,Siliceous heavy (3),3,3
2279,10,Siliceous heavy (3),3,3
2282,10,Siliceous heavy (3),3,3
2283,10,Siliceous heavy (3),3,3
2291,10,Siliceous heavy (3),3,3
2292,10,Siliceous heavy (3),3,3
2297,10,Siliceous heavy (3),3,3
2299,10,Siliceous heavy (3),3,3
2310,10,Siliceous heavy (3),3,3
2316,10,Siliceous heavy (3),3,3
2317,10,Siliceous heavy (3),3,3
2320,10,Siliceous heavy (3),3,3
2322,10,Siliceous heavy (3),3,3
2326,10,Siliceous heavy (3),3,3
2332,10,Siliceous heavy (3),3,3
2337,10,Siliceous heavy (3),3,3
2343,10,Siliceous heavy (3),3,3
2346,10,Siliceous heavy (3),3,3
2347,10,Siliceous heavy (3),3,3
2350,10,Siliceous heavy (3),3,3
2351,10,Siliceous heavy (3),3,3
2353,10,Siliceous heavy (3),3,3
2362,10,Siliceous heavy (3),3,3
2368,10,Siliceous heavy (3),3,3
2372,10,Siliceous heavy (3),3,3
2380,10,Siliceous heavy (3),3,3
2382,10,Siliceous heavy (3),3,3
2383,10,Siliceous heavy (3),3,3
2385,10,Siliceous heavy (3),3,3
2386,10,Siliceous heavy (3),3,3
2390,10,Siliceous heavy (3),3,3
2392,10,Siliceous heavy (3),3,3
2393,10,Siliceous heavy (3),3,3
2395,10,Siliceous heavy (3),3,3
2396,10,Siliceous heavy (3),3,3
2398,10,Siliceous heavy (3),3,3
2400,10,Siliceous heavy (3),3,3
2405,10,Siliceous heavy (3),3,3
2406,10,Siliceous heavy (3),3,3
2408,10,Siliceous heavy (3),3,3
2410,10,Siliceous heavy (3),3,3
2413,10,Siliceous heavy (3),3,3
2419,10,Siliceous heavy (3),3,3
2420,10,Siliceous heavy (3),3,3
2422,10,Siliceous heavy (3),3,3
2426,10,Siliceous heavy (3),3,3
2429,10,Siliceous heavy (3),3,3
2430,10,Siliceous heavy (3),3,3
2431,10,Siliceous heavy (3),3,3
2434,10,Siliceous heavy (3),3,3
2437,10,Siliceous heavy (3),3,3
2438,10,Siliceous heavy (3),3,3
2442,10,Siliceous heavy (3),3,3
2447,10,Siliceous heavy (3),3,3
2455,10,Siliceous heavy (3),3,3
2458,10,Siliceous heavy (3),3,3
2459,10,Siliceous heavy (3),3,3
2467,10,Siliceous heavy (3),3,3
2477,10,Siliceous heavy (3),3,3
2490,10,Siliceous heavy (3),3,3
2493,10,Siliceous heavy (3),3,3
2494,10,Siliceous heavy (3),3,3
2496,10,Siliceous heavy (3),3,3
2512,10,Siliceous heavy (3),3,3
2515,10,Siliceous heavy (3),3,3
2517,10,Siliceous heavy (3),3,3
2519,10,Siliceous heavy (3),3,3
2524,10,Siliceous heavy (3),3,3
2528,10,Siliceous heavy (3),3,3
2532,10,Siliceous heavy (3),3,3
2538,10,Siliceous heavy (3),3,3
2541,10,Siliceous heavy (3),3,3
2545,10,Siliceous heavy (3),3,3
2546,10,Siliceous heavy (3),3,3
2550,10,Siliceous heavy (3),3,3
2554,10,Siliceous heavy (3),3,3
2567,10,Siliceous heavy (3),3,3
2568,10,Siliceous heavy (3),3,3
2570,10,Siliceous heavy (3),3,3
2581,10,Siliceous heavy (3),3,3
2582,10,Siliceous heavy (3),3,3
2585,10,Siliceous heavy (3),3,3
2596,10,Siliceous heavy (3),3,3
2601,10,Siliceous heavy (3),3,3
2604,10,Siliceous heavy (3),3,3
2605,10,Siliceous heavy (3),3,3
2616,10,Siliceous heavy (3),3,3
2625,10,Siliceous heavy (3),3,3
2653,10,Siliceous heavy (3),3,3
2654,10,Siliceous heavy (3),3,3
2656,10,Siliceous heavy (3),3,3
2658,10,Siliceous heavy (3),3,3
2660,10,Siliceous heavy (3),3,3
2670,10,Siliceous heavy (3),3,3
2672,10,Siliceous heavy (3),3,3
2679,10,Siliceous heavy (3),3,3
2681,10,Siliceous heavy (3),3,3
2682,10,Siliceous heavy (3),3,3
2683,10,Siliceous heavy (3),3,3
2686,10,Siliceous heavy (3),3,3
2688,10,Siliceous heavy (3),3,3
2701,10,Siliceous heavy (3),3,3
2703,10,Siliceous heavy (3),3,3
2705,10,Siliceous heavy (3),3,3
2708,10,Siliceous heavy (3),3,3
2709,10,Siliceous heavy (3),3,3
2710,10,Siliceous heavy (3),3,3
2714,10,Siliceous heavy (3),3,3
2715,10,Siliceous heavy (3),3,3
2720,10,Siliceous heavy (3),3,3
2721,10,Siliceous heavy (3),3,3
2722,10,Siliceous heavy (3),3,3
2723,10,Siliceous heavy (3),3,3
2726,10,Siliceous heavy (3),3,3
2733,10,Siliceous heavy (3),3,3
2737,10,Siliceous heavy (3),3,3
2738,10,Siliceous heavy (3),3,3
2740,10,Siliceous heavy (3),3,3
45,11,Siliceous heavy (3),3+4,2+3+4
66,11,Siliceous heavy (3),3+4,2+3+4
98,11,Siliceous heavy (3),3+4,2+3+4
624,11,Siliceous heavy (3),3+4,2+3+4
691,11,Siliceous heavy (3),3+4,2+3+4
695,11,Siliceous heavy (3),3+4,2+3+4
720,11,Siliceous heavy (3),3+4,2+3+4
759,11,Siliceous heavy (3),3+4,2+3+4
1185,11,Siliceous heavy (3),3+4,2+3+4
1399,11,Siliceous heavy (3),3+4,2+3+4
1781,11,Siliceous heavy (3),3+4,2+3+4
1832,11,Siliceous heavy (3),3+4,2+3+4
2122,11,Siliceous heavy (3),3+4,2+3+4
2574,11,Siliceous heavy (3),3+4,2+3+4
71,12,Intermediate loamy (4),3+4,2+3+4+5+6
244,12,Intermediate loamy (4),3+4,2+3+4+5+6
298,12,Intermediate loamy (4),3+4,2+3+4+5+6
398,12,Intermediate loamy (4),3+4,2+3+4+5+6
478,12,Intermediate loamy (4),3+4,2+3+4+5+6
480,12,Intermediate loamy (4),3+4,2+3+4+5+6
770,12,Intermediate loamy (4),3+4,2+3+4+5+6
960,12,Intermediate loamy (4),3+4,2+3+4+5+6
966,12,Intermediate loamy (4),3+4,2+3+4+5+6
1192,12,Intermediate loamy (4),3+4,2+3+4+5+6
1363,12,Intermediate loamy (4),3+4,2+3+4+5+6
1673,12,Intermediate loamy (4),3+4,2+3+4+5+6
2048,12,Intermediate loamy (4),3+4,2+3+4+5+6
2295,12,Intermediate loamy (4),3+4,2+3+4+5+6
2306,12,Intermediate loamy (4),3+4,2+3+4+5+6
2637,12,Intermediate loamy (4),3+4,2+3+4+5+6
2689,12,Intermediate loamy (4),3+4,2+3+4+5+6
2748,12,Intermediate loamy (4),3+4,2+3+4+5+6
5,13,Intermediate loamy (4),3+4,3+4
18,13,Intermediate loamy (4),3+4,3+4
68,13,Intermediate loamy (4),3+4,3+4
178,13,Intermediate loamy (4),3+4,3+4
214,13,Intermediate loamy (4),3+4,3+4
228,13,Intermediate loamy (4),3+4,3+4
269,13,Intermediate loamy (4),3+4,3+4
304,13,Intermediate loamy (4),3+4,3+4
520,13,Intermediate loamy (4),3+4,3+4
560,13,Intermediate loamy (4),3+4,3+4
620,13,Intermediate loamy (4),3+4,3+4
647,13,Intermediate loamy (4),3+4,3+4
658,13,Intermediate loamy (4),3+4,3+4
661,13,Intermediate loamy (4),3+4,3+4
673,13,Intermediate loamy (4),3+4,3+4
698,13,Intermediate loamy (4),3+4,3+4
712,13,Intermediate loamy (4),3+4,3+4
726,13,Intermediate loamy (4),3+4,3+4
744,13,Intermediate loamy (4),3+4,3+4
752,13,Intermediate loamy (4),3+4,3+4
763,13,Intermediate loamy (4),3+4,3+4
772,13,Intermediate loamy (4),3+4,3+4
779,13,Intermediate loamy (4),3+4,3+4
826,13,Intermediate loamy (4),3+4,3+4
831,13,Intermediate loamy (4),3+4,3+4
836,13,Intermediate loamy (4),3+4,3+4
908,13,Intermediate loamy (4),3+4,3+4
915,13,Intermediate loamy (4),3+4,3+4
1024,13,Intermediate loamy (4),3+4,3+4
1031,13,Intermediate loamy (4),3+4,3+4
1041,13,Intermediate loamy (4),3+4,3+4
1047,13,Intermediate loamy (4),3+4,3+4
1054,13,Intermediate loamy (4),3+4,3+4
1063,13,Intermediate loamy (4),3+4,3+4
1117,13,Intermediate loamy (4),3+4,3+4
1160,13,Intermediate loamy (4),3+4,3+4
1167,13,Intermediate loamy (4),3+4,3+4
1174,13,Intermediate loamy (4),3+4,3+4
1239,13,Intermediate loamy (4),3+4,3+4
1259,13,Intermediate loamy (4),3+4,3+4
1279,13,Intermediate loamy (4),3+4,3+4
1355,13,Intermediate loamy (4),3+4,3+4
1402,13,Intermediate loamy (4),3+4,3+4
1443,13,Intermediate loamy (4),3+4,3+4
1466,13,Intermediate loamy (4),3+4,3+4
1544,13,Intermediate loamy (4),3+4,3+4
1556,13,Intermediate loamy (4),3+4,3+4
1647,13,Intermediate loamy (4),3+4,3+4
1682,13,Intermediate loamy (4),3+4,3+4
1685,13,Intermediate loamy (4),3+4,3+4
1693,13,Intermediate loamy (4),3+4,3+4
1810,13,Intermediate loamy (4),3+4,3+4
1819,13,Intermediate loamy (4),3+4,3+4
1928,13,Intermediate loamy (4),3+4,3+4
1999,13,Intermediate loamy (4),3+4,3+4
2003,13,Intermediate loamy (4),3+4,3+4
2069,13,Intermediate loamy (4),3+4,3+4
2091,13,Intermediate loamy (4),3+4,3+4
2093,13,Intermediate loamy (4),3+4,3+4
2175,13,Intermediate loamy (4),3+4,3+4
2198,13,Intermediate loamy (4),3+4,3+4
2318,13,Intermediate loamy (4),3+4,3+4
2327,13,Intermediate loamy (4),3+4,3+4
2373,13,Intermediate loamy (4),3+4,3+4
2397,13,Intermediate loamy (4),3+4,3+4
2449,13,Intermediate loamy (4),3+4,3+4
2470,13,Intermediate loamy (4),3+4,3+4
2492,13,Intermediate loamy (4),3+4,3+4
2511,13,Intermediate loamy (4),3+4,3+4
2559,13,Intermediate loamy (4),3+4,3+4
2595,13,Intermediate loamy (4),3+4,3+4
2613,13,Intermediate loamy (4),3+4,3+4
2661,13,Intermediate loamy (4),3+4,3+4
118,14,Siliceous heavy (3),3+4,3+4
207,14,Siliceous heavy (3),3+4,3+4
381,14,Siliceous heavy (3),3+4,3+4
444,14,Siliceous heavy (3),3+4,3+4
563,14,Siliceous heavy (3),3+4,3+4
1139,14,Siliceous heavy (3),3+4,3+4
1218,14,Siliceous heavy (3),3+4,3+4
1440,14,Siliceous heavy (3),3+4,3+4
1575,14,Siliceous heavy (3),3+4,3+4
1653,14,Siliceous heavy (3),3+4,3+4
1765,14,Siliceous heavy (3),3+4,3+4
1806,14,Siliceous heavy (3),3+4,3+4
2590,14,Siliceous heavy (3),3+4,3+4
2739,14,Siliceous heavy (3),3+4,3+4
527,15,Intermediate loamy (4),3+4,3+4+5
539,15,Intermediate loamy (4),3+4,3+4+5
669,15,Intermediate loamy (4),3+4,3+4+5
863,15,Intermediate loamy (4),3+4,3+4+5
973,15,Intermediate loamy (4),3+4,3+4+5
1087,15,Intermediate loamy (4),3+4,3+4+5
1413,15,Intermediate loamy (4),3+4,3+4+5
1453,15,Intermediate loamy (4),3+4,3+4+5
1491,15,Intermediate loamy (4),3+4,3+4+5
1506,15,Intermediate loamy (4),3+4,3+4+5
1827,15,Intermediate loamy (4),3+4,3+4+5
1947,15,Intermediate loamy (4),3+4,3+4+5
2334,15,Intermediate loamy (4),3+4,3+4+5
2352,15,Intermediate loamy (4),3+4,3+4+5
2461,15,Intermediate loamy (4),3+4,3+4+5
3,16,Siliceous heavy (3),3+5,2+3+5
53,16,Siliceous heavy (3),3+5,2+3+5
309,16,Siliceous heavy (3),3+5,2+3+5
364,16,Siliceous heavy (3),3+5,2+3+5
648,16,Siliceous heavy (3),3+5,2+3+5
652,16,Siliceous heavy (3),3+5,2+3+5
660,16,Siliceous heavy (3),3+5,2+3+5
721,16,Siliceous heavy (3),3+5,2+3+5
783,16,Siliceous heavy (3),3+5,2+3+5
804,16,Siliceous heavy (3),3+5,2+3+5
975,16,Siliceous heavy (3),3+5,2+3+5
1006,16,Siliceous heavy (3),3+5,2+3+5
1154,16,Siliceous heavy (3),3+5,2+3+5
1294,16,Siliceous heavy (3),3+5,2+3+5
1488,16,Siliceous heavy (3),3+5,2+3+5
1602,16,Siliceous heavy (3),3+5,2+3+5
1671,16,Siliceous heavy (3),3+5,2+3+5
1964,16,Siliceous heavy (3),3+5,2+3+5
2026,16,Siliceous heavy (3),3+5,2+3+5
2448,16,Siliceous heavy (3),3+5,2+3+5
2464,16,Siliceous heavy (3),3+5,2+3+5
2471,16,Siliceous heavy (3),3+5,2+3+5
2635,16,Siliceous heavy (3),3+5,2+3+5
2699,16,Siliceous heavy (3),3+5,2+3+5
1712,18,Basic heavy (5),3+5,3+5
1886,18,Basic heavy (5),3+5,3+5
1979,18,Basic heavy (5),3+5,3+5
2375,18,Basic heavy (5),3+5,3+5
222,19,Siliceous heavy (3),3+5,3+5
314,19,Siliceous heavy (3),3+5,3+5
703,19,Siliceous heavy (3),3+5,3+5
740,19,Siliceous heavy (3),3+5,3+5
741,19,Siliceous heavy (3),3+5,3+5
745,19,Siliceous heavy (3),3+5,3+5
781,19,Siliceous heavy (3),3+5,3+5
1056,19,Siliceous heavy (3),3+5,3+5
1131,19,Siliceous heavy (3),3+5,3+5
1350,19,Siliceous heavy (3),3+5,3+5
1547,19,Siliceous heavy (3),3+5,3+5
1564,19,Siliceous heavy (3),3+5,3+5
1618,19,Siliceous heavy (3),3+5,3+5
1684,19,Siliceous heavy (3),3+5,3+5
1715,19,Siliceous heavy (3),3+5,3+5
1871,19,Siliceous heavy (3),3+5,3+5
2075,19,Siliceous heavy (3),3+5,3+5
2158,19,Siliceous heavy (3),3+5,3+5
2339,19,Siliceous heavy (3),3+5,3+5
2378,19,Siliceous heavy (3),3+5,3+5
2537,19,Siliceous heavy (3),3+5,3+5
2584,19,Siliceous heavy (3),3+5,3+5
2678,19,Siliceous heavy (3),3+5,3+5
43,20,Basic heavy (5),3+5,3+5+6
749,20,Basic heavy (5),3+5,3+5+6
824,20,Basic heavy (5),3+5,3+5+6
1585,20,Basic heavy (5),3+5,3+5+6
1965,20,Basic heavy (5),3+5,3+5+6
2010,20,Basic heavy (5),3+5,3+5+6
22,21,Intermediate loamy (4),4,4
114,21,Intermediate loamy (4),4,4
173,21,Intermediate loamy (4),4,4
231,21,Intermediate loamy (4),4,4
252,21,Intermediate loamy (4),4,4
267,21,Intermediate loamy (4),4,4
297,21,Intermediate loamy (4),4,4
357,21,Intermediate loamy (4),4,4
370,21,Intermediate loamy (4),4,4
428,21,Intermediate loamy (4),4,4
447,21,Intermediate loamy (4),4,4
460,21,Intermediate loamy (4),4,4
469,21,Intermediate loamy (4),4,4
522,21,Intermediate loamy (4),4,4
532,21,Intermediate loamy (4),4,4
545,21,Intermediate loamy (4),4,4
559,21,Intermediate loamy (4),4,4
645,21,Intermediate loamy (4),4,4
714,21,Intermediate loamy (4),4,4
725,21,Intermediate loamy (4),4,4
734,21,Intermediate loamy (4),4,4
761,21,Intermediate loamy (4),4,4
789,21,Intermediate loamy (4),4,4
801,21,Intermediate loamy (4),4,4
814,21,Intermediate loamy (4),4,4
820,21,Intermediate loamy (4),4,4
845,21,Intermediate loamy (4),4,4
849,21,Intermediate loamy (4),4,4
852,21,Intermediate loamy (4),4,4
859,21,Intermediate loamy (4),4,4
886,21,Intermediate loamy (4),4,4
896,21,Intermediate loamy (4),4,4
1077,21,Intermediate loamy (4),4,4
1093,21,Intermediate loamy (4),4,4
1126,21,Intermediate loamy (4),4,4
1137,21,Intermediate loamy (4),4,4
1161,21,Intermediate loamy (4),4,4
1234,21,Intermediate loamy (4),4,4
1257,21,Intermediate loamy (4),4,4
1266,21,Intermediate loamy (4),4,4
1271,21,Intermediate loamy (4),4,4
1331,21,Intermediate loamy (4),4,4
1377,21,Intermediate loamy (4),4,4
1406,21,Intermediate loamy (4),4,4
1433,21,Intermediate loamy (4),4,4
1446,21,Intermediate loamy (4),4,4
1492,21,Intermediate loamy (4),4,4
1541,21,Intermediate loamy (4),4,4
1557,21,Intermediate loamy (4),4,4
1562,21,Intermediate loamy (4),4,4
1563,21,Intermediate loamy (4),4,4
1643,21,Intermediate loamy (4),4,4
1678,21,Intermediate loamy (4),4,4
1680,21,Intermediate loamy (4),4,4
1737,21,Intermediate loamy (4),4,4
1771,21,Intermediate loamy (4),4,4
1772,21,Intermediate loamy (4),4,4
1794,21,Intermediate loamy (4),4,4
1811,21,Intermediate loamy (4),4,4
1837,21,Intermediate loamy (4),4,4
1888,21,Intermediate loamy (4),4,4
1906,21,Intermediate loamy (4),4,4
1910,21,Intermediate loamy (4),4,4
1931,21,Intermediate loamy (4),4,4
2014,21,Intermediate loamy (4),4,4
2058,21,Intermediate loamy (4),4,4
2079,21,Intermediate loamy (4),4,4
2082,21,Intermediate loamy (4),4,4
2092,21,Intermediate loamy (4),4,4
2109,21,Intermediate loamy (4),4,4
2135,21,Intermediate loamy (4),4,4
2141,21,Intermediate loamy (4),4,4
2145,21,Intermediate loamy (4),4,4
2202,21,Intermediate loamy (4),4,4
2228,21,Intermediate loamy (4),4,4
2243,21,Intermediate loamy (4),4,4
2270,21,Intermediate loamy (4),4,4
2333,21,Intermediate loamy (4),4,4
2364,21,Intermediate loamy (4),4,4
2365,21,Intermediate loamy (4),4,4
2384,21,Intermediate loamy (4),4,4
2404,21,Intermediate loamy (4),4,4
2411,21,Intermediate loamy (4),4,4
2423,21,Intermediate loamy (4),4,4
2476,21,Intermediate loamy (4),4,4
2630,21,Intermediate loamy (4),4,4
2633,21,Intermediate loamy (4),4,4
2651,21,Intermediate loamy (4),4,4
2685,21,Intermediate loamy (4),4,4
34,22,Intermediate loamy (4),4+5,2+3+4+5
1281,22,Intermediate loamy (4),4+5,2+3+4+5
2085,22,Intermediate loamy (4),4+5,2+3+4+5
2530,22,Intermediate loamy (4),4+5,2+3+4+5
42,23,Basic heavy (5),4+5,4+5
76,23,Basic heavy (5),4+5,4+5
102,23,Basic heavy (5),4+5,4+5
119,23,Basic heavy (5),4+5,4+5
282,23,Basic heavy (5),4+5,4+5
342,23,Basic heavy (5),4+5,4+5
349,23,Basic heavy (5),4+5,4+5
363,23,Basic heavy (5),4+5,4+5
405,23,Basic heavy (5),4+5,4+5
414,23,Basic heavy (5),4+5,4+5
438,23,Basic heavy (5),4+5,4+5
481,23,Basic heavy (5),4+5,4+5
490,23,Basic heavy (5),4+5,4+5
536,23,Basic heavy (5),4+5,4+5
650,23,Basic heavy (5),4+5,4+5
693,23,Basic heavy (5),4+5,4+5
705,23,Basic heavy (5),4+5,4+5
750,23,Basic heavy (5),4+5,4+5
799,23,Basic heavy (5),4+5,4+5
884,23,Basic heavy (5),4+5,4+5
933,23,Basic heavy (5),4+5,4+5
936,23,Basic heavy (5),4+5,4+5
962,23,Basic heavy (5),4+5,4+5
979,23,Basic heavy (5),4+5,4+5
1009,23,Basic heavy (5),4+5,4+5
1189,23,Basic heavy (5),4+5,4+5
1194,23,Basic heavy (5),4+5,4+5
1272,23,Basic heavy (5),4+5,4+5
1351,23,Basic heavy (5),4+5,4+5
1356,23,Basic heavy (5),4+5,4+5
1357,23,Basic heavy (5),4+5,4+5
1370,23,Basic heavy (5),4+5,4+5
1392,23,Basic heavy (5),4+5,4+5
1418,23,Basic heavy (5),4+5,4+5
1434,23,Basic heavy (5),4+5,4+5
1504,23,Basic heavy (5),4+5,4+5
1514,23,Basic heavy (5),4+5,4+5
1591,23,Basic heavy (5),4+5,4+5
1669,23,Basic heavy (5),4+5,4+5
1691,23,Basic heavy (5),4+5,4+5
1702,23,Basic heavy (5),4+5,4+5
1731,23,Basic heavy (5),4+5,4+5
1801,23,Basic heavy (5),4+5,4+5
1818,23,Basic heavy (5),4+5,4+5
1939,23,Basic heavy (5),4+5,4+5
2068,23,Basic heavy (5),4+5,4+5
2101,23,Basic heavy (5),4+5,4+5
2106,23,Basic heavy (5),4+5,4+5
2119,23,Basic heavy (5),4+5,4+5
2131,23,Basic heavy (5),4+5,4+5
2206,23,Basic heavy (5),4+5,4+5
2280,23,Basic heavy (5),4+5,4+5
2288,23,Basic heavy (5),4+5,4+5
2313,23,Basic heavy (5),4+5,4+5
2418,23,Basic heavy (5),4+5,4+5
2421,23,Basic heavy (5),4+5,4+5
2453,23,Basic heavy (5),4+5,4+5
2472,23,Basic heavy (5),4+5,4+5
2491,23,Basic heavy (5),4+5,4+5
2639,23,Basic heavy (5),4+5,4+5
2675,23,Basic heavy (5),4+5,4+5
2732,23,Basic heavy (5),4+5,4+5
69,24,Intermediate loamy (4),4+5,4+5
1335,24,Intermediate loamy (4),4+5,4+5
1500,24,Intermediate loamy (4),4+5,4+5
2344,24,Intermediate loamy (4),4+5,4+5
1268,25,Basic heavy (5),4+5,4+5+6
1639,25,Basic heavy (5),4+5,4+5+6
81,26,Basic heavy (5),5,5
92,26,Basic heavy (5),5,5
94,26,Basic heavy (5),5,5
109,26,Basic heavy (5),5,5
131,26,Basic heavy (5),5,5
132,26,Basic heavy (5),5,5
138,26,Basic heavy (5),5,5
177,26,Basic heavy (5),5,5
210,26,Basic heavy (5),5,5
220,26,Basic heavy (5),5,5
229,26,Basic heavy (5),5,5
235,26,Basic heavy (5),5,5
237,26,Basic heavy (5),5,5
243,26,Basic heavy (5),5,5
250,26,Basic heavy (5),5,5
256,26,Basic heavy (5),5,5
268,26,Basic heavy (5),5,5
271,26,Basic heavy (5),5,5
276,26,Basic heavy (5),5,5
312,26,Basic heavy (5),5,5
321,26,Basic heavy (5),5,5
323,26,Basic heavy (5),5,5
332,26,Basic heavy (5),5,5
373,26,Basic heavy (5),5,5
399,26,Basic heavy (5),5,5
423,26,Basic heavy (5),5,5
426,26,Basic heavy (5),5,5
461,26,Basic heavy (5),5,5
468,26,Basic heavy (5),5,5
482,26,Basic heavy (5),5,5
512,26,Basic heavy (5),5,5
523,26,Basic heavy (5),5,5
529,26,Basic heavy (5),5,5
549,26,Basic heavy (5),5,5
557,26,Basic heavy (5),5,5
573,26,Basic heavy (5),5,5
599,26,Basic heavy (5),5,5
619,26,Basic heavy (5),5,5
625,26,Basic heavy (5),5,5
640,26,Basic heavy (5),5,5
663,26,Basic heavy (5),5,5
665,26,Basic heavy (5),5,5
681,26,Basic heavy (5),5,5
686,26,Basic heavy (5),5,5
688,26,Basic heavy (5),5,5
706,26,Basic heavy (5),5,5
717,26,Basic heavy (5),5,5
737,26,Basic heavy (5),5,5
762,26,Basic heavy (5),5,5
788,26,Basic heavy (5),5,5
829,26,Basic heavy (5),5,5
833,26,Basic heavy (5),5,5
866,26,Basic heavy (5),5,5
898,26,Basic heavy (5),5,5
958,26,Basic heavy (5),5,5
984,26,Basic heavy (5),5,5
995,26,Basic heavy (5),5,5
1067,26,Basic heavy (5),5,5
1069,26,Basic heavy (5),5,5
1082,26,Basic heavy (5),5,5
1098,26,Basic heavy (5),5,5
1107,26,Basic heavy (5),5,5
1111,26,Basic heavy (5),5,5
1114,26,Basic heavy (5),5,5
1119,26,Basic heavy (5),5,5
1199,26,Basic heavy (5),5,5
1214,26,Basic heavy (5),5,5
1229,26,Basic heavy (5),5,5
1232,26,Basic heavy (5),5,5
1296,26,Basic heavy (5),5,5
1299,26,Basic heavy (5),5,5
1303,26,Basic heavy (5),5,5
1315,26,Basic heavy (5),5,5
1321,26,Basic heavy (5),5,5
1322,26,Basic heavy (5),5,5
1360,26,Basic heavy (5),5,5
1385,26,Basic heavy (5),5,5
1462,26,Basic heavy (5),5,5
1508,26,Basic heavy (5),5,5
1534,26,Basic heavy (5),5,5
1540,26,Basic heavy (5),5,5
1548,26,Basic heavy (5),5,5
1578,26,Basic heavy (5),5,5
1594,26,Basic heavy (5),5,5
1595,26,Basic heavy (5),5,5
1596,26,Basic heavy (5),5,5
1610,26,Basic heavy (5),5,5
1612,26,Basic heavy (5),5,5
1621,26,Basic heavy (5),5,5
1630,26,Basic heavy (5),5,5
1650,26,Basic heavy (5),5,5
1659,26,Basic heavy (5),5,5
1662,26,Basic heavy (5),5,5
1677,26,Basic heavy (5),5,5
1683,26,Basic heavy (5),5,5
1700,26,Basic heavy (5),5,5
1725,26,Basic heavy (5),5,5
1740,26,Basic heavy (5),5,5
1761,26,Basic heavy (5),5,5
1764,26,Basic heavy (5),5,5
1767,26,Basic heavy (5),5,5
1785,26,Basic heavy (5),5,5
1814,26,Basic heavy (5),5,5
1899,26,Basic heavy (5),5,5
1901,26,Basic heavy (5),5,5
1941,26,Basic heavy (5),5,5
1981,26,Basic heavy (5),5,5
1992,26,Basic heavy (5),5,5
1998,26,Basic heavy (5),5,5
2006,26,Basic heavy (5),5,5
2016,26,Basic heavy (5),5,5
2050,26,Basic heavy (5),5,5
2062,26,Basic heavy (5),5,5
2086,26,Basic heavy (5),5,5
2111,26,Basic heavy (5),5,5
2140,26,Basic heavy (5),5,5
2152,26,Basic heavy (5),5,5
2170,26,Basic heavy (5),5,5
2201,26,Basic heavy (5),5,5
2205,26,Basic heavy (5),5,5
2211,26,Basic heavy (5),5,5
2213,26,Basic heavy (5),5,5
2216,26,Basic heavy (5),5,5
2225,26,Basic heavy (5),5,5
2236,26,Basic heavy (5),5,5
2284,26,Basic heavy (5),5,5
2315,26,Basic heavy (5),5,5
2358,26,Basic heavy (5),5,5
2377,26,Basic heavy (5),5,5
2387,26,Basic heavy (5),5,5
2407,26,Basic heavy (5),5,5
2424,26,Basic heavy (5),5,5
2457,26,Basic heavy (5),5,5
2460,26,Basic heavy (5),5,5
2473,26,Basic heavy (5),5,5
2505,26,Basic heavy (5),5,5
2548,26,Basic heavy (5),5,5
2549,26,Basic heavy (5),5,5
2564,26,Basic heavy (5),5,5
2575,26,Basic heavy (5),5,5
2589,26,Basic heavy (5),5,5
2593,26,Basic heavy (5),5,5
2611,26,Basic heavy (5),5,5
2624,26,Basic heavy (5),5,5
2673,26,Basic heavy (5),5,5
2697,26,Basic heavy (5),5,5
2717,26,Basic heavy (5),5,5
163,27,Basic heavy (5),5+6,4+5+6
225,27,Basic heavy (5),5+6,4+5+6
239,27,Basic heavy (5),5+6,4+5+6
334,27,Basic heavy (5),5+6,4+5+6
498,27,Basic heavy (5),5+6,4+5+6
593,27,Basic heavy (5),5+6,4+5+6
611,27,Basic heavy (5),5+6,4+5+6
656,27,Basic heavy (5),5+6,4+5+6
907,27,Basic heavy (5),5+6,4+5+6
1023,27,Basic heavy (5),5+6,4+5+6
1060,27,Basic heavy (5),5+6,4+5+6
1085,27,Basic heavy (5),5+6,4+5+6
1146,27,Basic heavy (5),5+6,4+5+6
1155,27,Basic heavy (5),5+6,4+5+6
1164,27,Basic heavy (5),5+6,4+5+6
1320,27,Basic heavy (5),5+6,4+5+6
1820,27,Basic heavy (5),5+6,4+5+6
1840,27,Basic heavy (5),5+6,4+5+6
1874,27,Basic heavy (5),5+6,4+5+6
1922,27,Basic heavy (5),5+6,4+5+6
2025,27,Basic heavy (5),5+6,4+5+6
2077,27,Basic heavy (5),5+6,4+5+6
2167,27,Basic heavy (5),5+6,4+5+6
2321,27,Basic heavy (5),5+6,4+5+6
2439,27,Basic heavy (5),5+6,4+5+6
2450,27,Basic heavy (5),5+6,4+5+6
2623,27,Basic heavy (5),5+6,4+5+6
322,28,Basic heavy (5),5+6,5+6
355,28,Basic heavy (5),5+6,5+6
519,28,Basic heavy (5),5+6,5+6
569,28,Basic heavy (5),5+6,5+6
662,28,Basic heavy (5),5+6,5+6
709,28,Basic heavy (5),5+6,5+6
739,28,Basic heavy (5),5+6,5+6
916,28,Basic heavy (5),5+6,5+6
919,28,Basic heavy (5),5+6,5+6
939,28,Basic heavy (5),5+6,5+6
997,28,Basic heavy (5),5+6,5+6
1193,28,Basic heavy (5),5+6,5+6
1216,28,Basic heavy (5),5+6,5+6
1238,28,Basic heavy (5),5+6,5+6
1252,28,Basic heavy (5),5+6,5+6
1255,28,Basic heavy (5),5+6,5+6
1441,28,Basic heavy (5),5+6,5+6
1483,28,Basic heavy (5),5+6,5+6
1593,28,Basic heavy (5),5+6,5+6
1616,28,Basic heavy (5),5+6,5+6
1648,28,Basic heavy (5),5+6,5+6
1792,28,Basic heavy (5),5+6,5+6
1909,28,Basic heavy (5),5+6,5+6
1986,28,Basic heavy (5),5+6,5+6
2210,28,Basic heavy (5),5+6,5+6
2267,28,Basic heavy (5),5+6,5+6
2319,28,Basic heavy (5),5+6,5+6
2328,28,Basic heavy (5),5+6,5+6
2366,28,Basic heavy (5),5+6,5+6
2389,28,Basic heavy (5),5+6,5+6
2394,28,Basic heavy (5),5+6,5+6
2432,28,Basic heavy (5),5+6,5+6
2687,28,Basic heavy (5),5+6,5+6
14,29,Basic very heavy (6),5+6,5+6
16,29,Basic very heavy (6),5+6,5+6
248,29,Basic very heavy (6),5+6,5+6
293,29,Basic very heavy (6),5+6,5+6
295,29,Basic very heavy (6),5+6,5+6
320,29,Basic very heavy (6),5+6,5+6
507,29,Basic very heavy (6),5+6,5+6
838,29,Basic very heavy (6),5+6,5+6
1775,29,Basic very heavy (6),5+6,5+6
1793,29,Basic very heavy (6),5+6,5+6
1850,29,Basic very heavy (6),5+6,5+6
1952,29,Basic very heavy (6),5+6,5+6
2586,29,Basic very heavy (6),5+6,5+6
1391,30,Basic heavy (5),5+7,5+7
1553,30,Basic heavy (5),5+7,5+7
1637,30,Basic heavy (5),5+7,5+7
1780,30,Basic heavy (5),5+7,5+7
2551,30,Basic heavy (5),5+7,5+7
227,31,Basic very heavy (6),6,6
575,31,Basic very heavy (6),6,6
694,31,Basic very heavy (6),6,6
800,31,Basic very heavy (6),6,6
862,31,Basic very heavy (6),6,6
941,31,Basic very heavy (6),6,6
957,31,Basic very heavy (6),6,6
1617,31,Basic very heavy (6),6,6
1622,31,Basic very heavy (6),6,6
1860,31,Basic very heavy (6),6,6
2020,31,Basic very heavy (6),6,6
2096,31,Basic very heavy (6),6,6
2181,31,Basic very heavy (6),6,6
968,32,Ultramafic heavy (7),7,7
1679,32,Ultramafic heavy (7),7,7
1994,32,Ultramafic heavy (7),7,7
11,33,Alluvia,Alluvia,Alluvia
17,33,Alluvia,Alluvia,Alluvia
93,33,Alluvia,Alluvia,Alluvia
108,33,Alluvia,Alluvia,Alluvia
126,33,Alluvia,Alluvia,Alluvia
135,33,Alluvia,Alluvia,Alluvia
154,33,Alluvia,Alluvia,Alluvia
183,33,Alluvia,Alluvia,Alluvia
188,33,Alluvia,Alluvia,Alluvia
191,33,Alluvia,Alluvia,Alluvia
217,33,Alluvia,Alluvia,Alluvia
238,33,Alluvia,Alluvia,Alluvia
242,33,Alluvia,Alluvia,Alluvia
272,33,Alluvia,Alluvia,Alluvia
340,33,Alluvia,Alluvia,Alluvia
347,33,Alluvia,Alluvia,Alluvia
391,33,Alluvia,Alluvia,Alluvia
412,33,Alluvia,Alluvia,Alluvia
427,33,Alluvia,Alluvia,Alluvia
439,33,Alluvia,Alluvia,Alluvia
542,33,Alluvia,Alluvia,Alluvia
550,33,Alluvia,Alluvia,Alluvia
590,33,Alluvia,Alluvia,Alluvia
630,33,Alluvia,Alluvia,Alluvia
710,33,Alluvia,Alluvia,Alluvia
786,33,Alluvia,Alluvia,Alluvia
803,33,Alluvia,Alluvia,Alluvia
864,33,Alluvia,Alluvia,Alluvia
875,33,Alluvia,Alluvia,Alluvia
892,33,Alluvia,Alluvia,Alluvia
1002,33,Alluvia,Alluvia,Alluvia
1080,33,Alluvia,Alluvia,Alluvia
1105,33,Alluvia,Alluvia,Alluvia
1147,33,Alluvia,Alluvia,Alluvia
1156,33,Alluvia,Alluvia,Alluvia
1168,33,Alluvia,Alluvia,Alluvia
1187,33,Alluvia,Alluvia,Alluvia
1260,33,Alluvia,Alluvia,Alluvia
1261,33,Alluvia,Alluvia,Alluvia
1264,33,Alluvia,Alluvia,Alluvia
1269,33,Alluvia,Alluvia,Alluvia
1297,33,Alluvia,Alluvia,Alluvia
1300,33,Alluvia,Alluvia,Alluvia
1349,33,Alluvia,Alluvia,Alluvia
1435,33,Alluvia,Alluvia,Alluvia
1507,33,Alluvia,Alluvia,Alluvia
1543,33,Alluvia,Alluvia,Alluvia
1558,33,Alluvia,Alluvia,Alluvia
1584,33,Alluvia,Alluvia,Alluvia
1589,33,Alluvia,Alluvia,Alluvia
1754,33,Alluvia,Alluvia,Alluvia
1766,33,Alluvia,Alluvia,Alluvia
1779,33,Alluvia,Alluvia,Alluvia
1841,33,Alluvia,Alluvia,Alluvia
1885,33,Alluvia,Alluvia,Alluvia
1914,33,Alluvia,Alluvia,Alluvia
1945,33,Alluvia,Alluvia,Alluvia
2099,33,Alluvia,Alluvia,Alluvia
2121,33,Alluvia,Alluvia,Alluvia
2127,33,Alluvia,Alluvia,Alluvia
2147,33,Alluvia,Alluvia,Alluvia
2199,33,Alluvia,Alluvia,Alluvia
2275,33,Alluvia,Alluvia,Alluvia
2285,33,Alluvia,Alluvia,Alluvia
2287,33,Alluvia,Alluvia,Alluvia
2304,33,Alluvia,Alluvia,Alluvia
2323,33,Alluvia,Alluvia,Alluvia
2370,33,Alluvia,Alluvia,Alluvia
2379,33,Alluvia,Alluvia,Alluvia
2427,33,Alluvia,Alluvia,Alluvia
2487,33,Alluvia,Alluvia,Alluvia
2536,33,Alluvia,Alluvia,Alluvia
2592,33,Alluvia,Alluvia,Alluvia
2614,33,Alluvia,Alluvia,Alluvia
2666,33,Alluvia,Alluvia,Alluvia
2694,33,Alluvia,Alluvia,Alluvia
2718,33,Alluvia,Alluvia,Alluvia
64,34,Water,Water,Water
